Unnamed: 0,Atleta,Equipe,Equipe_Janela_Análise,Posição,Posição_Wyscout,Código_Posição_Wyscout,Idade,Valor_Mercado,Fim_Contrato,Jogos,Minutos,Nacionalidade,Passaporte,Pé,Altura,Peso,Empréstimo,Ações_Defensivas_BemSucedidas,Duelos_Defensivos_Ganhos,Duelos_Aéreos_Ganhos,Passes_Longos_Certos,Passes_Progressivos_Certos,Passes_Laterais_Certos,Liga,Base,Versão_Temporada,RF_Rating,ET_Rating,Rating
0,Guilherme Arana,Atlético Mineiro,Atlético Mineiro,"LB, LWB",LB,1,26,12000000,2027-12-31,10,994,Brazil,Brazil,left,176,66,no,6.43,2.264724,1.27,1.357768,8.418567000000001,12.76803,MG,Testing,2024,0.5199480374127774,0.4855255532397647,0.5027367953262709
1,R. Saravia,Atlético Mineiro,Atlético Mineiro,"RB, RCB, RWB",RB,1,30,2500000,2025-12-31,9,650,Argentina,Argentina,right,178,73,no,7.75,4.846500000000001,1.24875,1.2456,6.783215999999999,6.786777000000001,MG,Testing,2024,0.3726682314392839,0.3636530401662513,0.3681606358027676
2,William Furtado,Cruzeiro,Cruzeiro,"RB, RWB",RB,1,28,2000000,2024-12-31,11,1021,Brazil,Brazil,right,176,68,no,9.96,4.674552,1.235661,1.850376,6.608114999999999,9.957666,MG,Testing,2024,0.7005338121043614,0.7016981155327553,0.7011159638185582
3,Marlon,Cruzeiro,Cruzeiro,"LB, LWB",LB,1,26,2000000,2026-12-31,9,906,Brazil,Brazil,left,174,68,no,8.94,4.86855,1.0912,2.484216,5.762159999999999,11.226761,MG,Testing,2024,0.4721147057040942,0.6382738951369431,0.5551943004205186
4,Marlon,América Mineiro,América Mineiro,LB,LB,1,30,700000,2025-12-31,8,729,Brazil,Brazil,left,177,69,no,10.99,6.419957999999999,0.4932839999999999,1.731008,6.295833,8.398000000000001,MG,Testing,2024,0.5504284113278373,0.5500083682806625,0.5502183898042499
5,Bryan,Itabirito,Itabirito,LB,LB,1,31,300000,,9,890,Brazil,Brazil,left,177,72,no,5.46,2.124,1.113222,2.8336,5.766178,7.077172999999999,MG,Testing,2024,0.0707808931390811,0.1565746427647013,0.1136777679518912
6,Yuri,Athletic Club,Athletic Club,LB,LB,1,28,200000,2024-04-10,10,938,Brazil,Brazil,left,175,74,no,8.16,4.412583,0.864773,2.208,4.606452,8.92257,MG,Testing,2024,0.2199920385484544,0.3430825205365173,0.2815372795424859
7,Douglas Pelé,Athletic Club,Athletic Club,"RB, RAMF, RW",RB,1,24,100000,,11,1176,Brazil,Brazil,right,171,69,no,6.43,3.2895,1.3,1.45376,4.667574,5.889488000000001,MG,Testing,2024,0.0,0.0,0.0
8,Emerson,Tombense,Tombense,LB,LB,1,25,100000,,7,666,Brazil,Brazil,left,179,73,no,8.11,3.91795,1.754973,1.35,4.4616,10.40682,MG,Testing,2024,0.3698918021900481,0.3931999989802766,0.3815459005851623
9,Pedro Costa,Tombense,Tombense,RB,RB,1,30,50000,,8,829,Brazil,Brazil,right,184,80,no,8.58,4.019975000000001,0.432684,2.820141,8.468148,11.727016,MG,Testing,2024,0.7193316779390384,0.7540189490590088,0.7366753134990236
10,Léo Príncipe,Pouso Alegre,Pouso Alegre,RB,RB,1,27,10000,,10,797,Brazil,Brazil,right,173,68,no,8.92,4.51875,0.7905070000000001,2.257552,4.968445999999999,5.423148,MG,Testing,2024,0.2019984119114461,0.281248000872783,0.2416232063921145
11,Vinicio,Pouso Alegre,Pouso Alegre,LB,LB,1,23,0,,10,975,Brazil,Brazil,unknown,175,0,no,7.94,3.60158,1.291148,1.65942,6.001481999999999,6.188016,MG,Testing,2024,0.2681059041156068,0.2790618982930216,0.2735839012043142
12,Ynaiã,Athletic Club,Athletic Club,"RB, LB",RB,1,24,0,,11,687,Brazil,Brazil,right,172,67,no,8.78,4.062506,0.655,2.095869,4.325922,6.421212,MG,Testing,2024,0.1775474085867999,0.234953684264891,0.2062505464258454
13,Dávisson,Uberlândia,Uberlândia,RB,RB,1,22,0,,8,528,Brazil,Brazil,unknown,0,0,no,8.69,5.281782,2.048469,2.55576,4.433616000000001,2.2152,MG,Testing,2024,0.50485820070029,0.5064213528945192,0.5056397767974046
14,Tiago Baiano,Uberlândia,Uberlândia,RB,RB,1,28,0,,8,537,Brazil,Brazil,right,178,69,no,9.39,5.531153999999999,0.504,2.34832,5.365682000000001,7.709695,MG,Testing,2024,0.35855652393105,0.4829581483333855,0.4207573361322177
15,João Victor,Uberlândia,Uberlândia,LB,LB,1,25,0,,9,904,Brazil,Brazil,,174,77,no,8.76,3.882607,1.49375,1.096191,5.274951,7.663768,MG,Testing,2024,0.3636483179634653,0.3489745781970726,0.3563114480802689
16,Maurício,Villa Nova,Villa Nova,RB,RB,1,22,0,,6,589,Brazil,Brazil,right,0,0,no,11.0,6.41682,1.22119,1.6808,6.573775999999999,9.932382,MG,Testing,2024,0.6796109760242628,0.6800560467898658,0.6798335114070642
17,Charles,Villa Nova,Villa Nova,LB,LB,1,29,0,,7,508,Brazil,Brazil,left,177,74,no,6.56,4.076182,0.7099289999999999,2.83402,10.09732,13.463524,MG,Testing,2024,0.7184567611527513,0.7631139425929072,0.7407853518728291
18,Ailton Santos,Patrocinense,Patrocinense,LB,LB,1,26,0,,7,666,Brazil,Brazil,,0,0,no,7.43,4.46103,2.025,1.892204,3.649497,3.240081,MG,Testing,2024,0.1939999494185664,0.2793889805185159,0.2366944649685411
19,Nando Sa,Patrocinense,Patrocinense,RB,RB,1,35,0,,8,730,Brazil,Brazil,,0,0,no,7.15,3.32804,1.726605,1.848498,3.699778,5.670792,MG,Testing,2024,0.0982811997769514,0.1663144555534475,0.1322978276651994
20,Lucas Mota,Itabirito,Itabirito,RB,RB,1,28,0,,8,776,Brazil,Brazil,right,184,79,no,10.9,5.685064000000001,1.04214,2.202998,7.768596,9.165517,MG,Testing,2024,0.8230418929737383,0.8217917634498444,0.8224168282117912
21,Mateus Henrique,América Mineiro,América Mineiro,RB,RB,1,21,0,,9,794,Brazil,Brazil,right,178,67,no,9.86,3.855415,1.359932,1.92678,8.839898,17.909983,MG,Testing,2024,1.0,1.0,1.0
22,Ezio,Ipatinga,Ipatinga,RB,RB,1,26,0,,8,713,Brazil,Brazil,unknown,182,0,no,9.47,4.546098,1.011378,1.13579,3.663814,5.677381999999999,MG,Testing,2024,0.1475078728290743,0.1880821669531597,0.167795019891117
23,Wender,Democrata GV,Democrata GV,LB,LB,1,25,0,,10,1031,Brazil,Brazil,,0,0,no,8.38,4.890492,3.315312,2.616375,7.685496000000001,5.671953999999999,MG,Testing,2024,0.7916289959929607,0.8228972731241357,0.8072631345585481
24,Weslen,Democrata GV,Democrata GV,RB,RB,1,29,0,,9,764,Brazil,Brazil,right,178,68,no,10.72,6.714164,0.8236,2.471,4.475016,6.124468,MG,Testing,2024,0.2479195507909731,0.3976088027806592,0.3227641767858161
0,Ayrton Lucas,Flamengo,Flamengo,LB,LB,1,26,7000000,2027-12-31,9,786,Brazil,Brazil,left,180,72,no,8.36,5.611464,0.574977,1.375,5.039314,12.477838,RJ,Testing,2024,0.7475531603421657,0.8322053763164174,0.7898792683292916
1,Lucas Piton,Vasco da Gama,Vasco da Gama,"LB, LWB",LB,1,23,6000000,2026-12-31,10,1029,Brazil,"Brazil, Italy",left,175,64,no,4.9,2.886138,0.701194,1.664208,5.072948999999999,11.806626,RJ,Testing,2024,0.7080622459864734,0.7119243422360635,0.7099932941112684
2,Guga,Fluminense,Fluminense,RB,RB,1,25,4000000,2026-12-31,6,541,Brazil,"Brazil, Portugal",right,174,69,no,6.99,2.496924,1.5,0.6639999999999999,2.993483,11.309008,RJ,Testing,2024,0.4538495037616396,0.5702974035218691,0.5120734536417544
3,Victor Sá,Botafogo,Botafogo,"RWB, RW, LW",RWB,1,29,2000000,2025-12-31,8,517,Brazil,Brazil,right,178,72,no,6.09,2.960309999999999,0.6933680000000001,0.175,2.61,7.133999999999999,RJ,Testing,2024,0.1224283763163121,0.1910400000116435,0.1567341881639778
4,G. Varela,Flamengo,Flamengo,"RB, LB",RB,1,31,2000000,2025-12-31,10,864,Uruguay,"Uruguay, Italy",right,174,70,no,7.92,4.065392,0.8347199999999999,0.9386340000000001,3.647882,8.854000000000001,RJ,Testing,2024,0.5325733701133668,0.5773870073925291,0.554980188752948
5,Hugo,Botafogo,Botafogo,"LB, LWB",LB,1,22,1500000,2024-12-31,12,1029,Brazil,Brazil,left,175,67,no,8.57,4.723464,1.05007,2.101464,4.456773,7.081743,RJ,Testing,2024,0.7593357929323541,0.7845661165265732,0.7719509547294636
6,Cayo Tenório,Nova Iguaçu,Nova Iguaçu,RB,RB,1,25,500000,,10,859,Brazil,Brazil,right,173,68,no,11.94,5.65868,0.6273249999999999,1.991925,6.390560000000001,9.428301999999999,RJ,Testing,2024,0.8438029602274824,0.9187654792210973,0.8812842197242898
7,M. Ponte,Botafogo,Botafogo,RB,RB,1,20,500000,,6,548,Uruguay,Uruguay,right,183,77,no,9.2,5.747000000000001,0.9845909999999999,1.148,2.955,7.718451999999998,RJ,Testing,2024,0.6206518477839358,0.6597468399207225,0.6401993438523291
8,Paulo Henrique,Vasco da Gama,Vasco da Gama,"RWB, RB",RWB,1,27,300000,2024-12-31,9,798,Brazil,Brazil,right,175,74,no,5.64,3.498059,0.565,2.255736,6.089999999999999,10.936554,RJ,Testing,2024,0.7117655904424147,0.7444574347582269,0.7281115126003208
9,Mateus Ludke,Boavista,Boavista,"RB, RW",RB,1,23,250000,,14,904,Brazil,Brazil,right,176,72,no,5.67,2.49,0.7946169999999999,1.395444,3.288294,7.266971999999999,RJ,Testing,2024,0.286039085534201,0.3437308294228916,0.3148849574785463
10,Pará,Portuguesa RJ,Portuguesa RJ,LB,LB,1,36,150000,2024-12-31,11,1091,Brazil,Brazil,left,172,73,no,8.35,3.962784,1.034234,2.6722,4.90854,8.268456,RJ,Testing,2024,0.8348939829825048,0.8476024300956351,0.84124820653907
11,Erick Daltro,Bangu,Bangu,"LB, LW, LWB",LB,1,31,100000,,11,1018,Brazil,Brazil,left,180,78,no,7.96,3.273543,1.2376,1.593494,3.006129,7.604761999999999,RJ,Testing,2024,0.5351959069858245,0.5899201179838991,0.5625580124848618
12,Evandro,Madureira,Madureira,LB,LB,1,27,50000,,10,1036,Brazil,Brazil,left,170,68,no,9.12,5.388016,0.261792,1.911599,6.17076,13.37526,RJ,Testing,2024,0.7969535598845681,0.8611495180142434,0.8290515389494058
13,Alyson,Boavista,Boavista,LB,LB,1,27,50000,,12,1146,Brazil,Brazil,left,185,75,no,5.73,2.199312,0.31427,0.628156,3.850866,4.316440000000001,RJ,Testing,2024,0.0,0.0,0.0
14,Paulo Victor,Audax Rio,Audax Rio,LB,LB,1,24,0,,8,692,Brazil,Brazil,left,0,0,no,6.5,4.29026,1.040026,0.78,3.900156,7.540104,RJ,Testing,2024,0.5375097814074263,0.5375895819758756,0.537549681691651
15,Acácio,Audax Rio,Audax Rio,"LB, LW",LB,1,30,0,,7,577,Brazil,Brazil,left,179,65,no,9.05,4.680234,1.09375,1.248764,4.364549999999999,7.022057,RJ,Testing,2024,0.7487620534759563,0.754901821998649,0.7518319377373026
16,Almir Sóta,Madureira,Madureira,RB,RB,1,29,0,,9,773,Brazil,Brazil,right,0,0,no,7.57,4.425696,1.05,1.627407,5.701632,8.38124,RJ,Testing,2024,0.8459532020290947,0.8253880697327347,0.8356706358809147
17,Ramon Batista,Audax Rio,Audax Rio,"RB, LCB",RB,1,24,0,,6,646,Brazil,Brazil,,0,0,no,8.36,3.9032,1.812722,0.696126,3.206647999999999,11.14636,RJ,Testing,2024,0.639737033742801,0.81070676039506,0.7252218970689305
18,Wellington Silva,Volta Redonda,Volta Redonda,RB,RB,1,35,0,2024-04-10,10,953,Brazil,Brazil,right,178,77,no,7.74,4.814303,0.6614999999999999,0.851529,3.875736,8.784745000000001,RJ,Testing,2024,0.5065219925782745,0.5472763353377055,0.52689916395799
19,Sánchez,Volta Redonda,Volta Redonda,LB,LB,1,28,0,,11,1097,Brazil,Brazil,left,178,73,no,6.15,2.130964,1.067469,1.63902,4.837999999999999,7.219679999999999,RJ,Testing,2024,0.5538302814690277,0.5533253198294521,0.5535778006492399
20,Gabriel Saulo,Bangu,Bangu,"RB, RW",RB,1,22,0,,11,1084,Brazil,Brazil,,0,0,no,7.31,3.404766,0.499041,0.6639999999999999,2.571425,5.065106,RJ,Testing,2024,0.05816227383015155,0.1292778447347096,0.09372005928243057
21,Paulo Vitor,Sampaio Corrêa RJ,Sampaio Corrêa RJ,LB,LB,1,35,0,,8,583,Brazil,Brazil,left,168,71,no,7.26,4.632,0.924,3.398528,6.329622000000001,10.648953,RJ,Testing,2024,1.0,1.0,1.0
22,Guilherme,Sampaio Corrêa RJ,Sampaio Corrêa RJ,LB,LB,1,31,0,,11,844,Brazil,Brazil,left,173,73,no,8.74,5.651541,1.6,0.74375,3.51984,3.83537,RJ,Testing,2024,0.6592659184252292,0.7082755037202917,0.6837707110727604
23,Lucas Carvalho,Sampaio Corrêa RJ,Sampaio Corrêa RJ,RB,RB,1,27,0,,10,756,Brazil,Brazil,right,174,68,no,6.67,3.92766,0.595395,0.9519999999999998,3.330336,5.711472,RJ,Testing,2024,0.1625042942116952,0.2558035308748807,0.2091539125432879
24,Ronaldo,Portuguesa RJ,Portuguesa RJ,RB,RB,1,25,0,,12,809,Brazil,Brazil,right,181,70,no,7.44,4.31964,1.079976,1.08,4.3197,7.920192000000001,RJ,Testing,2024,0.6690689213744645,0.6663438607484873,0.6677063910614759
25,Joazi,Portuguesa RJ,Portuguesa RJ,"RB, LB, RW",RB,1,27,0,,9,725,Brazil,Brazil,right,168,67,no,6.74,2.854712,0.90596,0.39,1.945278,6.354997,RJ,Testing,2024,0.1762273414107124,0.2155142163240836,0.195870778867398
26,Maicon,Nova Iguaçu,Nova Iguaçu,LB,LB,1,23,0,,12,1113,Brazil,Brazil,,0,0,no,10.98,5.4495,1.296,1.038375,3.892935,6.571110000000001,RJ,Testing,2024,0.7877205104102578,0.8523307556465554,0.8200256330284066
27,Yan,Nova Iguaçu,Nova Iguaçu,RB,RB,1,28,0,,8,592,Brazil,Brazil,right,194,92,no,10.52,5.627065,0.543279,0.544322,3.447288,6.898747999999999,RJ,Testing,2024,0.5121603615564083,0.5306789935908054,0.5214196775736069
0,F. Bustos,Internacional,Internacional,RB,RB,1,27,6500000,2024-12-31,13,1136,Argentina,Argentina,right,167,66,no,11.36,5.595075,0.51688,2.751828,7.397536,16.516317,RS,Testing,2024,0.6290969969921354,0.5820392765653719,0.6055681367787537
1,João Lucas,Juventude,Juventude,RB,RB,1,26,2000000,2025-12-31,12,1128,Brazil,Brazil,right,181,72,no,8.86,5.507693999999999,1.036065,2.395215,4.30743,9.896194000000001,RS,Testing,2024,0.3250377725157922,0.3058327388259483,0.3154352556708703
2,Reinaldo,Grêmio,Grêmio,LB,LB,1,34,1000000,2024-12-31,10,966,Brazil,Brazil,left,178,79,no,6.58,3.183887,1.33607,2.15775,11.50464,12.229137,RS,Testing,2024,0.498854372699912,0.4319781945256732,0.4654162836127926
3,Renê,Internacional,Internacional,LB,LB,1,31,900000,2024-12-31,12,1043,Brazil,Brazil,left,174,72,no,9.35,5.004914,2.835,5.3865,10.673377,31.63552,RS,Testing,2024,1.0,1.0,1.0
4,João Pedro,Grêmio,Grêmio,RB,RB,1,27,600000,2025-12-31,13,1196,Brazil,Brazil,right,179,75,no,7.25,4.332179999999999,0.8677619999999999,1.498346,5.914440999999999,7.958197999999999,RS,Testing,2024,0.2049596269039373,0.2035326589165412,0.2042461429102393
5,Alan Ruschel,Juventude,Juventude,LB,LB,1,34,200000,,12,1086,Brazil,Brazil,left,176,72,no,6.05,2.984124,0.7452,1.493555,6.216418,10.52579,RS,Testing,2024,0.1631150006786301,0.1425207195646407,0.1528178601216354
6,Gedeílson,Ypiranga Erechim,Ypiranga Erechim,"RB, LB",RB,1,31,100000,,11,994,Brazil,Brazil,right,177,65,no,7.42,3.07794,1.717028,1.993068,4.70586,9.505068,RS,Testing,2024,0.3137367189667777,0.2791198741395398,0.2964282965531587
7,Celsinho,Avenida,Avenida,RB,RB,1,35,100000,,6,529,Brazil,Brazil,right,183,73,no,12.42,5.276637000000001,1.359932,2.549932,6.977103,12.2481,RS,Testing,2024,0.6191293066280092,0.5944235413422414,0.6067764239851253
8,Danilo Guimarães,Brasil de Pelotas,Brasil de Pelotas,RB,RB,1,26,0,,11,532,Brazil,Brazil,,0,0,no,11.33,5.076166000000001,1.01625,2.368,5.581695,6.597499999999999,RS,Testing,2024,0.4827125400065307,0.4275611131390628,0.4551368265727967
9,Rodrigo Negueba,Avenida,Avenida,"RB, RAMF, RW",RB,1,24,0,,8,656,Brazil,Brazil,,0,0,no,8.09,4.115381999999999,1.783834,1.644,4.799808,7.410514999999999,RS,Testing,2024,0.3443991759917444,0.3248263657715386,0.3346127708816415
10,Cesar Nunes,Avenida,Avenida,"LB, LDMF",LB,1,24,0,2024-06-30,10,944,Brazil,Brazil,left,184,70,no,7.15,3.720726,0.85875,0.86,5.33628,13.250168,RS,Testing,2024,0.2310027139174829,0.2155490076994387,0.2232758608084608
11,Chicão,Avenida,Avenida,"RB, RDMF, RCMF",RB,1,38,0,,11,598,Brazil,Brazil,right,183,75,no,5.57,1.503786,2.407122,1.655654,3.914324,12.337325,RS,Testing,2024,0.3193678898105704,0.239325182658195,0.2793465362343827
12,Alessandro Vinícius,EC São José,EC São José,"RB, RWB, LB",RB,1,25,0,,11,1015,Brazil,Brazil,right,174,70,no,7.98,4.43424,0.885608,1.77284,4.257822000000001,5.233514,RS,Testing,2024,0.1682564496880384,0.1609290015744969,0.1645927256312677
13,Alan Cardoso,Avenida,Avenida,"LB, LAMF",LB,1,26,0,,9,602,Brazil,Brazil,left,177,66,no,8.67,3.739344,2.094765,0.896577,3.885436,7.324416,RS,Testing,2024,0.4146825650106888,0.3414816269939664,0.3780820960023276
14,David Luís,Santa Cruz RS,Santa Cruz RS,LB,LB,1,28,0,,7,534,Brazil,Brazil,left,180,76,no,9.44,3.540849,0.8432489999999998,2.356532,5.728595,6.742637999999999,RS,Testing,2024,0.3375006024034241,0.299498178010389,0.3184993902069065
15,Rai,Novo Hamburgo,Novo Hamburgo,LB,LB,1,23,0,,11,1043,Brazil,Brazil,,0,0,no,5.57,2.7387,1.6065,1.41678,6.895651,5.666354999999999,RS,Testing,2024,0.3661389633482598,0.2603461852736059,0.3132425743109329
16,Anilson,Novo Hamburgo,Novo Hamburgo,"RB, RCB",RB,1,22,0,,10,774,Brazil,Brazil,right,185,66,no,10.23,5.69625,3.258368,4.18782,9.537278,7.786962999999998,RS,Testing,2024,0.7340043642804512,0.691288030304362,0.7126461972924066
17,Jefinho,Brasil de Pelotas,Brasil de Pelotas,"LB, LAMF",LB,1,22,0,,9,710,Brazil,Brazil,left,0,0,no,6.46,3.29346,0.1275,0.762,4.439484999999999,5.829707999999999,RS,Testing,2024,0.0,0.0,0.0
18,Gabriel Biteco,Brasil de Pelotas,Brasil de Pelotas,"RB, RAMF",RB,1,24,0,,10,705,Brazil,Brazil,,0,0,no,9.7,5.490392000000001,0.765,1.148648,3.063606,4.726926000000001,RS,Testing,2024,0.2611333835401696,0.2221942082676697,0.2416637959039196
19,Lessa,Guarany de Bagé,Guarany de Bagé,RB,RB,1,24,0,,11,953,Brazil,Brazil,right,0,0,no,8.88,4.534974,1.700718,2.453818,4.435782,5.383728,RS,Testing,2024,0.387828827401841,0.3588785704612774,0.3733536989315592
20,João Gabriel,Guarany de Bagé,Guarany de Bagé,"LB, LW",LB,1,24,0,,12,1084,Brazil,Brazil,left,175,68,no,8.72,3.983274,0.997928,1.824822,3.652632000000001,4.479934,RS,Testing,2024,0.2196557991867267,0.1889162142557554,0.204286006721241
21,João Vitor,São Luiz,São Luiz,RB,RB,1,21,0,,11,943,Brazil,Brazil,,0,0,no,10.59,5.440087999999999,1.718576,1.429488,6.584208,6.015,RS,Testing,2024,0.6021515406469515,0.529443696254539,0.5657976184507453
22,Marcelo,Caxias,Caxias,RB,RB,1,34,0,,11,1077,Brazil,Brazil,right,180,76,no,8.52,3.946864,1.433142,3.588858,6.284450000000001,11.486335,RS,Testing,2024,0.4816758299023415,0.4764830614263005,0.479079445664321
23,Márcio Duarte,São Luiz,São Luiz,"LB, LW",LB,1,32,0,,12,1038,Brazil,Brazil,,178,74,no,5.9,1.9964,1.300104,1.0416,6.93855,6.678408000000001,RS,Testing,2024,0.2995576908964064,0.1916279901615749,0.2455928405289906
24,Dudu Mandai,Caxias,Caxias,LB,LB,1,31,0,,13,1160,Brazil,Brazil,left,172,68,no,9.23,3.724588,1.318428,2.639,8.066024,11.014248,RS,Testing,2024,0.5504551827926805,0.5000367334124076,0.525245958102544
0,J. Piquerez,Palmeiras,Palmeiras,"LWB, LCB, LB",LWB,1,25,8000000,2025-12-31,13,1133,Uruguay,"Uruguay, Italy",left,183,80,no,8.82,3.892,0.7928730000000002,1.351148,4.04922,13.5065,SP,Testing,2024,0.4633350172875812,0.428228205733691,0.4368108986866627
1,Welington,São Paulo,São Paulo,"LB, LWB",LB,1,23,3000000,2024-12-31,13,1218,Brazil,Brazil,left,175,73,no,7.68,4.802630000000001,1.69983,1.920852,6.356974,10.196208,SP,Testing,2024,0.6137307061931905,0.576591685073472,0.5886083768719886
2,Igor Vinícius,São Paulo,São Paulo,"RB, RWB",RB,1,26,3000000,2025-12-31,8,563,Brazil,Brazil,right,174,70,no,7.35,4.154289,0.800064,0.48,3.520224,10.391251,SP,Testing,2024,0.2445933086072141,0.1856480845190648,0.2024164504052235
3,Felipe Jonatan,Santos,Santos,LB,LB,1,26,2500000,2025-02-28,13,1006,Brazil,Brazil,left,176,77,no,8.05,4.022620000000001,1.254705,2.327147,6.171388,12.975385,SP,Testing,2024,0.7083493593785533,0.658740617473624,0.6784227711025629
4,Heitor,Guarani,Guarani,RB,RB,1,23,2000000,2024-12-31,9,758,Brazil,Brazil,right,174,67,no,10.09,4.63144,0.235,2.138776,5.10416,11.16193,SP,Testing,2024,0.5140420995013912,0.4680124811690493,0.4827889350073007
5,J. Hurtado,Red Bull Bragantino,Red Bull Bragantino,"RB, RWB",RB,1,22,1500000,2026-12-31,8,681,Ecuador,Ecuador,right,178,69,no,7.93,4.756101,1.850448,1.45468,4.360634999999999,9.38172,SP,Testing,2024,0.4767953249706015,0.5393148202145516,0.5000923330649127
6,Juninho Capixaba,Red Bull Bragantino,Red Bull Bragantino,"LB, LWB",LB,1,26,1300000,2026-12-31,11,906,Brazil,Brazil,left,176,63,no,10.43,4.27025,1.689072,2.781068,8.2467,14.804085,SP,Testing,2024,1.0,1.0,1.0
7,Fágner,Corinthians,Corinthians,RB,RB,1,34,1200000,2024-12-31,10,906,Brazil,Brazil,right,168,67,no,7.15,4.072468,0.1975,1.291992,7.453647999999999,11.91619,SP,Testing,2024,0.3952144899422315,0.3249257724287299,0.3497120716193496
8,Mayke,Palmeiras,Palmeiras,"RWB, RAMF",RWB,1,31,1000000,2025-12-31,7,582,Brazil,Brazil,right,179,68,no,5.57,3.09375,2.16477,2.162284,6.33624,11.752,SP,Testing,2024,0.6217931101856212,0.5468291080368021,0.5775826682263043
9,Warley,Mirassol,Mirassol,LB,LB,1,24,800000,,11,857,Brazil,Brazil,right,172,64,no,7.56,3.254832,0.839958,3.468,10.504768,19.320945,SP,Testing,2024,0.8708544187651628,0.8286945816496859,0.8473429139492521
10,Rodrigo Ferreira,Santos,Mirassol,RB,RB,1,28,800000,2024-05-31,10,919,Brazil,Brazil,right,178,80,no,8.72,3.920147,1.761965,2.152452,5.584675,14.592135,SP,Testing,2024,0.7899591937582569,0.7874653194037825,0.7852923020850974
11,Aderlan,Santos,Santos,"RB, RWB",RB,1,33,800000,2024-12-31,11,837,Brazil,Brazil,right,180,71,no,10.22,5.587998,1.39635,3.5475,6.991613999999999,9.462149,SP,Testing,2024,0.8031837058891524,0.7672255695370297,0.7817279080501702
12,Nathan Mendes,Red Bull Bragantino,Red Bull Bragantino,"RB, RWB",RB,1,21,600000,2024-12-31,9,698,Brazil,Brazil,right,182,79,no,8.51,3.220956,1.6744,1.032966,6.314497,10.187502,SP,Testing,2024,0.5727055746729626,0.5472821869917623,0.5528718354115983
13,Danilo Barcelos,Grêmio Novorizontino,Grêmio Novorizontino,"LB, LWB",LB,1,32,550000,,13,918,Brazil,Brazil,left,186,75,no,6.86,3.236051,1.469196,1.175192,3.823236,8.431542,SP,Testing,2024,0.3535073184863394,0.2876921304946898,0.3096027873792499
14,Hugo,Corinthians,Corinthians,LB,LB,1,26,500000,2024-12-31,12,843,Brazil,Brazil,left,179,73,no,9.72,5.231380000000001,1.38656,1.601743,6.085224,14.41276,SP,Testing,2024,0.8018722204955377,0.7508102840161596,0.7727210576931041
15,Arthur Henrique,São Bernardo FC,São Bernardo FC,"LWB, LB",LWB,1,29,500000,2024-12-31,11,1018,Brazil,Brazil,left,176,68,no,9.13,5.79608,0.3233009999999999,0.9658979999999999,3.97193,5.584176,SP,Testing,2024,0.2330104204785522,0.1845255025912448,0.1959608884719777
16,Douglas Borel,Portuguesa,Portuguesa,"RB, RWB",RB,1,21,500000,2024-12-31,10,801,Brazil,Brazil,right,178,71,yes,4.94,2.47,1.571055,0.9,1.57242,6.404853,SP,Testing,2024,0.198892277655292,0.08937359895727871,0.1302796671312176
17,Júnior Caiçara,Santo André,Santo André,"RB, LB",RB,1,34,450000,2024-06-30,9,602,Brazil,"Brazil, Bulgaria",right,173,65,no,7.92,4.33751,1.793423,2.540436,6.129017999999999,11.06205,SP,Testing,2024,0.699793920857084,0.670600410675271,0.680101690984509
18,Hayner,Santos,Santos,"RB, LB",RB,1,28,400000,,11,876,Brazil,Brazil,right,178,71,no,8.22,3.288132,0.9234680000000001,0.616605,3.6975,8.116416,SP,Testing,2024,0.2773049313087784,0.2346887169326716,0.2439542088456722
19,G. Risso Patrón,Ponte Preta,Ponte Preta,"LB, LWB",LB,1,28,400000,2024-12-31,12,1127,Argentina,Argentina,left,179,71,yes,10.94,3.513699,0.24,1.915118,5.992695,6.545339999999999,SP,Testing,2024,0.3688908270707085,0.328454206878038,0.338129972869133
20,Alex Silva,Água Santa,Água Santa,RB,RB,1,29,300000,,9,817,Brazil,Brazil,right,184,82,no,9.14,3.6366,1.764406,2.7563,6.607224,11.125905,SP,Testing,2024,0.8009665927681338,0.7755586251569825,0.7848353763615764
21,Igor Inocêncio,Ponte Preta,Ponte Preta,"RB, RW",RB,1,25,300000,,12,1139,Brazil,Brazil,right,185,78,no,8.06,4.03,1.42142,1.896,4.344921,8.295525,SP,Testing,2024,0.4242559896180021,0.418870878642286,0.4122007200321014
22,Wallison,Botafogo SP,Botafogo SP,"RWB, RB",RWB,1,22,300000,,11,814,Brazil,Brazil,right,177,70,yes,8.07,2.876868,0.8843559999999999,1.32636,4.646178000000001,6.968481000000001,SP,Testing,2024,0.2861326690955844,0.2405252979921348,0.2514050483738531
23,Felipe Albuquerque,Inter de Limeira,Inter de Limeira,RB,RB,1,24,250000,,9,667,Brazil,Brazil,right,174,73,no,10.29,6.663727,2.171472,1.015116,5.219942,5.075232000000001,SP,Testing,2024,0.6990997456477646,0.6446446505279898,0.6665610421579223
24,Willean Lepo,Grêmio Novorizontino,Grêmio Novorizontino,"RB, RCB, RWB",RB,1,27,250000,,12,967,Brazil,Brazil,right,180,78,no,10.98,6.144600000000001,1.302,2.418658,6.328412999999999,7.725607999999999,SP,Testing,2024,0.757887482756473,0.6819471495287823,0.7153838301088988
25,Léo Duarte,Ituano,Ituano,"RB, LB",RB,1,24,200000,,11,787,Brazil,Brazil,right,175,67,no,9.94,5.163972,1.1628,2.192388,7.615256,10.97516,SP,Testing,2024,0.8309497191012869,0.7334188686456091,0.7786586761949401
26,Hélder,Guarani,Guarani,LB,LB,1,35,100000,,9,707,Brazil,Brazil,left,177,81,no,8.02,4.201052000000001,1.271454,2.162676,5.477072999999999,7.254239999999999,SP,Testing,2024,0.4938395364693677,0.4404994403152461,0.4585449649142752
27,Gabriel Inocêncio,Água Santa,Água Santa,"LB, RB",LB,1,29,100000,2024-11-30,10,924,Brazil,Brazil,right,175,69,no,10.71,6.621909999999999,1.75269,1.461677,3.894756,9.544364999999999,SP,Testing,2024,0.7712038488862833,0.6925611753907095,0.7275426976598636
28,Vitor Ricardo,São Bernardo FC,São Bernardo FC,"RWB, RB",RWB,1,23,100000,2024-12-31,11,734,Brazil,Brazil,right,178,67,no,5.74,2.297548,0.573276,1.576552,4.019412,9.903960000000001,SP,Testing,2024,0.1259746600354192,0.09688353303413308,0.09704647307031111
29,Luiz Felipe,Ponte Preta,Ponte Preta,RB,RB,1,26,100000,2025-04-11,8,570,Brazil,Brazil,right,180,76,no,12.32,7.575648,0.9491700000000001,2.681676,5.997012,8.528144999999999,SP,Testing,2024,0.6869451138108923,0.6522973535382458,0.6642736430904271
30,Reverson,Grêmio Novorizontino,Grêmio Novorizontino,"LB, LCB, LWB",LB,1,27,100000,,12,683,Brazil,Brazil,left,175,71,no,8.43,3.689646,1.58195,2.636534999999999,4.480224,6.327999999999999,SP,Testing,2024,0.4989685853368778,0.4793838833591384,0.4809079173803681
31,Jean Victor,Botafogo SP,Botafogo SP,"LB, LWB",LB,1,29,50000,2024-12-05,11,973,Brazil,Brazil,left,181,72,no,8.6,3.145296,0.6475,1.573395,4.7175,6.382574,SP,Testing,2024,0.2440506429837703,0.2008559559626089,0.2098677405987064
32,JP Galvão,Inter de Limeira,Inter de Limeira,"RB, RWB",RB,1,22,0,,10,650,Brazil,Brazil,right,184,75,yes,8.02,4.007558,1.038363,2.227956,4.157421,8.759386,SP,Testing,2024,0.3676723246055155,0.3798064061550155,0.3636025593434863
33,Zé Mário,Inter de Limeira,Inter de Limeira,LB,LB,1,32,0,2024-04-10,9,821,Brazil,Brazil,left,175,78,no,9.48,5.049587,1.475331,3.9424,8.005608,9.852741,SP,Testing,2024,0.8442116588058624,0.8025974935103944,0.8205461599340993
34,Marlinho,Ituano,Ituano,"LWB, LB, LAMF",LWB,1,18,0,,10,679,Brazil,Brazil,unknown,0,0,no,7.94,2.549062,0.4259999999999999,1.13339,3.685854,5.103657000000001,SP,Testing,2024,0.06915170951626426,0.0,0.01894926614222409
35,Eduardo Diniz,Portuguesa,Portuguesa,"LB, LWB",LB,1,34,0,2024-12-31,11,968,Brazil,Brazil,both,179,68,no,5.39,2.418853,0.3720000000000001,2.791665000000001,4.836517,5.952891999999999,SP,Testing,2024,0.0,0.03185684099018971,0.0
36,Igor Fernandes,Santo André,Santo André,LB,LB,1,31,0,,11,1034,Brazil,Brazil,left,183,78,no,7.14,3.04375,1.218475,2.175,5.131976,7.39883,SP,Testing,2024,0.3950496186409275,0.3587920768000151,0.3668355379260061
