Unnamed: 0,Atleta,Equipe,Equipe_Janela_Análise,Posição,Posição_Wyscout,Código_Posição_Wyscout,Idade,Valor_Mercado,Fim_Contrato,Jogos,Minutos,Nacionalidade,Passaporte,Pé,Altura,Peso,Empréstimo,Ações_Defensivas_BemSucedidas,Duelos_Defensivos_Ganhos,Duelos_Aéreos_Ganhos,Passes_Longos_Certos,Passes_Progressivos_Certos,Passes_Laterais_Certos,Ações_Ofensivas_BemSucedidas,Duelos_Ofensivos_Ganhos,Pisadas_Área,Dribles_BemSucedidos,Corridas_Progressivas,Acelerações,xA,Assistência_Finalização,Passes_TerçoFinal_Certos,Deep_Completions,Deep_Completed_Crosses,Passes_ÁreaPênalti_Certos,Liga,Base,Versão_Temporada,RF_Rating,ET_Rating,Rating
0,Guilherme Arana,Atlético Mineiro,Atlético Mineiro,"LB, LWB",LB,1,26,12000000,2027-12-31,10,994,Brazil,Brazil,left,176,66,no,6.43,2.264724,1.27,1.357768,8.418567000000001,12.76803,2.35,2.353451,1.27,1.267296,1.99,0.63,0.14,0.54,5.521634000000001,0.27,0.81,0.907034,MG,Testing,2024,0.7646951426061099,0.7510772709002189,0.7578862067531645
1,R. Saravia,Atlético Mineiro,Atlético Mineiro,"RB, RCB, RWB",RB,1,30,2500000,2025-12-31,9,650,Argentina,Argentina,right,178,73,no,7.75,4.846500000000001,1.24875,1.2456,6.783215999999999,6.786777000000001,1.66,1.799226,0.0,1.108516,1.66,1.8,0.04,0.83,5.125974,0.28,0.55,1.108516,MG,Testing,2024,0.3737737343736111,0.4242167216879962,0.3989952280308037
2,William Furtado,Cruzeiro,Cruzeiro,"RB, RWB",RB,1,28,2000000,2024-12-31,11,1021,Brazil,Brazil,right,176,68,no,9.96,4.674552,1.235661,1.850376,6.608114999999999,9.957666,3.17,1.674195,1.85,0.793654,1.23,0.35,0.2,1.41,3.08654,1.06,1.76,2.29,MG,Testing,2024,0.7735007257142137,0.7545859236130774,0.7640433246636457
3,Marlon,Cruzeiro,Cruzeiro,"LB, LWB",LB,1,26,2000000,2026-12-31,9,906,Brazil,Brazil,left,174,68,no,8.94,4.86855,1.0912,2.484216,5.762159999999999,11.226761,1.49,1.29,0.79,0.4954050000000001,1.39,0.5,0.06,0.79,5.06377,0.3,0.7,0.5957539999999999,MG,Testing,2024,0.4352873571697778,0.4878570854986024,0.4615722213341902
4,Marlon,América Mineiro,América Mineiro,LB,LB,1,30,700000,2025-12-31,8,729,Brazil,Brazil,left,177,69,no,10.99,6.419957999999999,0.4932839999999999,1.731008,6.295833,8.398000000000001,3.58,3.085588,1.11,1.8525,2.72,0.99,0.19,0.86,3.459256,0.49,1.11,1.1115,MG,Testing,2024,0.6666680090112287,0.6392147873680442,0.6529413981896365
5,Bryan,Itabirito,Itabirito,LB,LB,1,31,300000,,9,890,Brazil,Brazil,left,177,72,no,5.46,2.124,1.113222,2.8336,5.766178,7.077172999999999,1.11,1.618864,0.71,0.0,0.81,0.1,0.14,1.21,3.640182,0.3,0.3,0.808808,MG,Testing,2024,0.2069326288294636,0.1992271460138812,0.2030798874216724
6,Yuri,Athletic Club,Athletic Club,LB,LB,1,28,200000,2024-04-10,10,938,Brazil,Brazil,left,175,74,no,8.16,4.412583,0.864773,2.208,4.606452,8.92257,2.21,2.301992,1.15,1.537066,0.96,0.29,0.09,0.77,2.593227,0.38,0.67,0.7658099999999999,MG,Testing,2024,0.271928559090464,0.2943997605126702,0.2831641598015671
7,Douglas Pelé,Athletic Club,Athletic Club,"RB, RAMF, RW",RB,1,24,100000,,11,1176,Brazil,Brazil,right,171,69,no,6.43,3.2895,1.3,1.45376,4.667574,5.889488000000001,3.52,3.751924,1.45,2.449548000000001,1.68,1.22,0.1,1.15,2.528036,0.38,0.99,0.995694,MG,Testing,2024,0.3316741632772145,0.3503482448787656,0.3410112040779901
8,Emerson,Tombense,Tombense,LB,LB,1,25,100000,,7,666,Brazil,Brazil,left,179,73,no,8.11,3.91795,1.754973,1.35,4.4616,10.40682,1.76,2.162208,0.27,1.08,1.49,1.08,0.02,0.54,2.699892,0.0,0.54,0.54,MG,Testing,2024,0.04878536618109058,0.1175674781897167,0.08317642218540365
9,Pedro Costa,Tombense,Tombense,RB,RB,1,30,50000,,8,829,Brazil,Brazil,right,184,80,no,8.58,4.019975000000001,0.432684,2.820141,8.468148,11.727016,4.45,2.497665,0.54,2.390857,2.17,0.87,0.1,1.3,3.473225,0.33,1.95,2.06302,MG,Testing,2024,0.8619050004824655,0.8714359573380772,0.8666704789102715
10,Léo Príncipe,Pouso Alegre,Pouso Alegre,RB,RB,1,27,10000,,10,797,Brazil,Brazil,right,173,68,no,8.92,4.51875,0.7905070000000001,2.257552,4.968445999999999,5.423148,1.81,1.804059,1.69,1.015782,1.24,0.45,0.1,1.02,2.710402,0.9,0.68,0.7891360000000001,MG,Testing,2024,0.2931811563488386,0.3098334903280367,0.3015073233384377
11,Vinicio,Pouso Alegre,Pouso Alegre,LB,LB,1,23,0,,10,975,Brazil,Brazil,unknown,175,0,no,7.94,3.60158,1.291148,1.65942,6.001481999999999,6.188016,2.4,2.028935,0.09,1.202574,1.57,0.28,0.05,0.46,3.320844,0.65,1.02,1.845622,MG,Testing,2024,0.3072111978839171,0.3830005284247112,0.3451058631543142
12,Ynaiã,Athletic Club,Athletic Club,"RB, LB",RB,1,24,0,,11,687,Brazil,Brazil,right,172,67,no,8.78,4.062506,0.655,2.095869,4.325922,6.421212,2.88,3.668388,0.79,2.2304,2.62,0.79,0.13,0.79,2.751948,0.26,0.39,0.6544800000000001,MG,Testing,2024,0.2226160959931568,0.2583419391106584,0.2404790175519077
13,Dávisson,Uberlândia,Uberlândia,RB,RB,1,22,0,,8,528,Brazil,Brazil,unknown,0,0,no,8.69,5.281782,2.048469,2.55576,4.433616000000001,2.2152,1.36,2.725163,0.51,1.195,1.19,0.68,0.02,0.17,2.726221999999999,0.51,0.34,0.509949,MG,Testing,2024,0.05282817431504494,0.1245699793207692,0.08869907681790708
14,Tiago Baiano,Uberlândia,Uberlândia,RB,RB,1,28,0,,8,537,Brazil,Brazil,right,178,69,no,9.39,5.531153999999999,0.504,2.34832,5.365682000000001,7.709695,3.69,2.679866,0.0,2.01,2.51,2.01,0.01,0.34,2.008545,0.0,1.34,1.34,MG,Testing,2024,0.3651640486563344,0.3733430081217705,0.3692535283890525
15,João Victor,Uberlândia,Uberlândia,LB,LB,1,25,0,,9,904,Brazil,Brazil,,174,77,no,8.76,3.882607,1.49375,1.096191,5.274951,7.663768,2.39,2.289372,0.9,1.494603,1.79,0.6,0.06,0.7,3.486,0.4,0.6,0.595335,MG,Testing,2024,0.3672896707541582,0.3341503841711777,0.350720027462668
16,Maurício,Villa Nova,Villa Nova,RB,RB,1,22,0,,6,589,Brazil,Brazil,right,0,0,no,11.0,6.41682,1.22119,1.6808,6.573775999999999,9.932382,3.06,4.123392,0.31,2.445699,1.22,0.61,0.01,0.61,4.27592,0.31,0.46,0.61178,MG,Testing,2024,0.5629601582906947,0.5074312093518398,0.5351956838212674
17,Charles,Villa Nova,Villa Nova,LB,LB,1,29,0,,7,508,Brazil,Brazil,left,177,74,no,6.56,4.076182,0.7099289999999999,2.83402,10.09732,13.463524,2.13,1.592591,0.0,0.53,1.06,0.0,0.06,0.71,7.084332000000001,0.35,1.42,1.417072,MG,Testing,2024,1.0,1.0,1.0
18,Ailton Santos,Patrocinense,Patrocinense,LB,LB,1,26,0,,7,666,Brazil,Brazil,,0,0,no,7.43,4.46103,2.025,1.892204,3.649497,3.240081,2.03,2.972013,0.54,1.619865,1.62,1.08,0.02,0.27,2.2984,0.14,0.54,0.269973,MG,Testing,2024,0.06829492154519917,0.0737084671193144,0.0710016943322568
19,Nando Sa,Patrocinense,Patrocinense,RB,RB,1,35,0,,8,730,Brazil,Brazil,,0,0,no,7.15,3.32804,1.726605,1.848498,3.699778,5.670792,2.1,1.971502,0.49,1.478305,1.36,0.37,0.04,0.37,2.592385,0.37,0.62,0.8647800000000001,MG,Testing,2024,0.08846550818191196,0.1046283039712163,0.09654690607656413
20,Lucas Mota,Itabirito,Itabirito,RB,RB,1,28,0,,8,776,Brazil,Brazil,right,184,79,no,10.9,5.685064000000001,1.04214,2.202998,7.768596,9.165517,0.93,0.9279999999999999,0.46,0.23331,1.62,0.0,0.03,0.35,3.824361,0.35,0.46,0.696,MG,Testing,2024,0.5710535102204273,0.5352212017204568,0.5531373559704421
21,Mateus Henrique,América Mineiro,América Mineiro,RB,RB,1,21,0,,9,794,Brazil,Brazil,right,178,67,no,9.86,3.855415,1.359932,1.92678,8.839898,17.909983,2.27,2.04,0.34,0.6779999999999999,2.15,0.45,0.05,0.91,5.215815,0.45,1.25,1.69862,MG,Testing,2024,0.9045769580549363,0.939677609333561,0.9221272836942488
22,Ezio,Ipatinga,Ipatinga,RB,RB,1,26,0,,8,713,Brazil,Brazil,unknown,182,0,no,9.47,4.546098,1.011378,1.13579,3.663814,5.677381999999999,3.03,4.038399999999999,0.5,2.14339,1.77,0.88,0.05,0.25,1.767399,0.13,0.38,0.38,MG,Testing,2024,0.04801359122971016,0.08533040926080428,0.06667200024525723
23,Wender,Democrata GV,Democrata GV,LB,LB,1,25,0,,10,1031,Brazil,Brazil,,0,0,no,8.38,4.890492,3.315312,2.616375,7.685496000000001,5.671953999999999,3.06,4.279197999999999,0.61,1.396958,1.22,0.26,0.06,0.96,3.49104,0.52,1.57,1.572,MG,Testing,2024,0.6696440490635727,0.6612108617355529,0.6654274553995628
24,Weslen,Democrata GV,Democrata GV,RB,RB,1,29,0,,9,764,Brazil,Brazil,right,178,68,no,10.72,6.714164,0.8236,2.471,4.475016,6.124468,0.47,0.8225,0.24,0.235,0.71,0.24,0.02,0.35,2.712402,0.47,0.24,0.47268,MG,Testing,2024,0.0,0.0,0.0
0,Ayrton Lucas,Flamengo,Flamengo,LB,LB,1,26,7000000,2027-12-31,9,786,Brazil,Brazil,left,180,72,no,8.36,5.611464,0.574977,1.375,5.039314,12.477838,2.63,2.52065,1.6,1.71875,0.34,0.46,0.22,1.37,5.8395,0.34,0.57,0.801864,RJ,Testing,2024,0.892276291367588,0.8293951099107552,0.8608357006391715
1,Lucas Piton,Vasco da Gama,Vasco da Gama,"LB, LWB",LB,1,23,6000000,2026-12-31,10,1029,Brazil,"Brazil, Italy",left,175,64,no,4.9,2.886138,0.701194,1.664208,5.072948999999999,11.806626,4.2,2.1,1.4,1.664062,1.66,0.61,0.22,1.66,2.626992,0.87,1.75,2.099825,RJ,Testing,2024,0.9582011361962884,0.953391397329678,0.9557962667629831
2,Guga,Fluminense,Fluminense,RB,RB,1,25,4000000,2026-12-31,6,541,Brazil,"Brazil, Portugal",right,174,69,no,6.99,2.496924,1.5,0.6639999999999999,2.993483,11.309008,1.33,1.331798,0.5,0.332,1.5,0.17,0.07,0.33,3.830318,0.17,1.0,1.16316,RJ,Testing,2024,0.2388935840744063,0.2877490007685699,0.2633212924214881
3,Victor Sá,Botafogo,Botafogo,"RWB, RW, LW",RWB,1,29,2000000,2025-12-31,8,517,Brazil,Brazil,right,178,72,no,6.09,2.960309999999999,0.6933680000000001,0.175,2.61,7.133999999999999,2.61,3.830239,2.79,1.916159,0.7,0.35,0.07,1.39,0.35,1.74,0.17,1.394216,RJ,Testing,2024,0.4137671985304324,0.4283646245891577,0.421065911559795
4,G. Varela,Flamengo,Flamengo,"RB, LB",RB,1,31,2000000,2025-12-31,10,864,Uruguay,"Uruguay, Italy",right,174,70,no,7.92,4.065392,0.8347199999999999,0.9386340000000001,3.647882,8.854000000000001,1.56,1.35425,0.73,0.7291249999999999,0.52,0.1,0.01,0.21,3.124875,0.21,0.42,0.416,RJ,Testing,2024,0.3228836693179815,0.2789509856661465,0.300917327492064
5,Hugo,Botafogo,Botafogo,"LB, LWB",LB,1,22,1500000,2024-12-31,12,1029,Brazil,Brazil,left,175,67,no,8.57,4.723464,1.05007,2.101464,4.456773,7.081743,2.71,2.273652,1.57,1.484754,1.57,0.7,0.24,1.75,2.451611,0.79,0.87,1.312605,RJ,Testing,2024,0.7550213817098855,0.6908475793817007,0.722934480545793
6,Cayo Tenório,Nova Iguaçu,Nova Iguaçu,RB,RB,1,25,500000,,10,859,Brazil,Brazil,right,173,68,no,11.94,5.65868,0.6273249999999999,1.991925,6.390560000000001,9.428301999999999,3.77,3.669699,0.52,2.097106,2.62,1.26,0.1,0.84,3.14221,0.63,1.57,1.56875,RJ,Testing,2024,0.9551594927443837,0.9356109975231909,0.9453852451337872
7,M. Ponte,Botafogo,Botafogo,RB,RB,1,20,500000,,6,548,Uruguay,Uruguay,right,183,77,no,9.2,5.747000000000001,0.9845909999999999,1.148,2.955,7.718451999999998,0.99,1.641798,0.33,0.820539,0.99,0.49,0.04,0.66,3.28578,0.0,0.0,0.164,RJ,Testing,2024,0.1013644409533331,0.1928205187206087,0.1470924798369709
8,Paulo Henrique,Vasco da Gama,Vasco da Gama,"RWB, RB",RWB,1,27,300000,2024-12-31,9,798,Brazil,Brazil,right,175,74,no,5.64,3.498059,0.565,2.255736,6.089999999999999,10.936554,4.06,3.157124,0.68,2.031564,2.71,1.02,0.14,0.79,1.581425,0.79,1.92,2.59382,RJ,Testing,2024,0.9797256166491294,0.9393547769930656,0.9595401968210974
9,Mateus Ludke,Boavista,Boavista,"RB, RW",RB,1,23,250000,,14,904,Brazil,Brazil,right,176,72,no,5.67,2.49,0.7946169999999999,1.395444,3.288294,7.266971999999999,2.19,1.194645,1.69,0.80001,0.5,0.7,0.03,0.4,1.693624,0.6,1.0,0.894375,RJ,Testing,2024,0.3644228521439579,0.242007442817556,0.303215147480757
10,Pará,Portuguesa RJ,Portuguesa RJ,LB,LB,1,36,150000,2024-12-31,11,1091,Brazil,Brazil,left,172,73,no,8.35,3.962784,1.034234,2.6722,4.90854,8.268456,2.41,1.552,0.78,0.947034,1.55,0.95,0.05,0.78,2.669994,0.52,1.29,1.896932,RJ,Testing,2024,0.7860776577572187,0.7049775090181979,0.7455275833877082
11,Erick Daltro,Bangu,Bangu,"LB, LW, LWB",LB,1,31,100000,,11,1018,Brazil,Brazil,left,180,78,no,7.96,3.273543,1.2376,1.593494,3.006129,7.604761999999999,1.5,1.500813,0.18,0.706702,0.62,0.27,0.1,0.8,1.41542,0.09,0.62,0.529038,RJ,Testing,2024,0.2103429041784902,0.1285626032902586,0.1694527537343744
12,Evandro,Madureira,Madureira,LB,LB,1,27,50000,,10,1036,Brazil,Brazil,left,170,68,no,9.12,5.388016,0.261792,1.911599,6.17076,13.37526,3.21,2.173216,1.04,1.56375,1.82,0.78,0.18,1.13,3.303216,0.35,1.56,1.38963,RJ,Testing,2024,1.0,1.0,1.0
13,Alyson,Boavista,Boavista,LB,LB,1,27,50000,,12,1146,Brazil,Brazil,left,185,75,no,5.73,2.199312,0.31427,0.628156,3.850866,4.316440000000001,1.18,1.49303,1.81,0.472229,1.41,0.39,0.05,0.55,1.882168,0.79,0.71,1.337412,RJ,Testing,2024,0.2829106765210168,0.1845957255717925,0.2337532010464046
14,Paulo Victor,Audax Rio,Audax Rio,LB,LB,1,24,0,,8,692,Brazil,Brazil,left,0,0,no,6.5,4.29026,1.040026,0.78,3.900156,7.540104,1.95,1.169831,0.78,0.779909,0.65,0.26,0.05,0.52,1.950078,0.0,1.04,1.039935,RJ,Testing,2024,0.471280454010752,0.3430187385420674,0.4071495962764097
15,Acácio,Audax Rio,Audax Rio,"LB, LW",LB,1,30,0,,7,577,Brazil,Brazil,left,179,65,no,9.05,4.680234,1.09375,1.248764,4.364549999999999,7.022057,0.78,2.025958,1.09,0.78125,0.31,0.16,0.04,0.47,2.338574,0.94,0.16,0.78,RJ,Testing,2024,0.5488070968174246,0.4688412717662412,0.5088241842918328
16,Almir Sóta,Madureira,Madureira,RB,RB,1,29,0,,9,773,Brazil,Brazil,right,0,0,no,7.57,4.425696,1.05,1.627407,5.701632,8.38124,2.91,2.794471999999999,0.23,1.514736,2.79,1.28,0.08,0.58,2.214324,0.23,1.28,1.631864,RJ,Testing,2024,0.8184762148775652,0.750047538827551,0.784261876852558
17,Ramon Batista,Audax Rio,Audax Rio,"RB, LCB",RB,1,24,0,,6,646,Brazil,Brazil,,0,0,no,8.36,3.9032,1.812722,0.696126,3.206647999999999,11.14636,1.39,2.227748,1.11,1.112,0.98,0.0,0.05,0.28,2.231139,0.28,0.0,0.14,RJ,Testing,2024,0.4194685653461577,0.3476949108815991,0.3835817381138784
18,Wellington Silva,Volta Redonda,Volta Redonda,RB,RB,1,35,0,2024-04-10,10,953,Brazil,Brazil,right,178,77,no,7.74,4.814303,0.6614999999999999,0.851529,3.875736,8.784745000000001,3.21,4.343637,0.28,1.793748,1.23,0.28,0.07,0.66,2.1712,0.19,1.04,1.040341,RJ,Testing,2024,0.6101595878593646,0.4959314100556272,0.5530454989574959
19,Sánchez,Volta Redonda,Volta Redonda,LB,LB,1,28,0,,11,1097,Brazil,Brazil,left,178,73,no,6.15,2.130964,1.067469,1.63902,4.837999999999999,7.219679999999999,3.04,1.64243,1.56,1.397712,0.98,0.16,0.17,0.57,3.115836,0.16,0.9,0.8217719999999998,RJ,Testing,2024,0.6086504968736475,0.5365739661396737,0.5726122315066605
20,Gabriel Saulo,Bangu,Bangu,"RB, RW",RB,1,22,0,,11,1084,Brazil,Brazil,,0,0,no,7.31,3.404766,0.499041,0.6639999999999999,2.571425,5.065106,3.24,2.32254,0.91,1.660083,1.08,0.83,0.03,0.17,0.6639999999999999,0.25,1.16,1.161688,RJ,Testing,2024,0.05075454183564305,0.0009291987632451537,0.0258418702994441
21,Paulo Vitor,Sampaio Corrêa RJ,Sampaio Corrêa RJ,LB,LB,1,35,0,,8,583,Brazil,Brazil,left,168,71,no,7.26,4.632,0.924,3.398528,6.329622000000001,10.648953,1.54,1.8547,0.62,1.23641,0.46,0.15,0.02,0.31,2.7792,0.15,0.31,0.308,RJ,Testing,2024,0.907820037009771,0.8802650369222552,0.894042536966013
22,Guilherme,Sampaio Corrêa RJ,Sampaio Corrêa RJ,LB,LB,1,31,0,,11,844,Brazil,Brazil,left,173,73,no,8.74,5.651541,1.6,0.74375,3.51984,3.83537,4.59,4.798660999999999,0.75,3.0914,2.13,0.96,0.15,0.96,2.026752,0.53,1.49,1.38656,RJ,Testing,2024,0.4607676567736282,0.4321591560309482,0.4464634064022882
23,Lucas Carvalho,Sampaio Corrêa RJ,Sampaio Corrêa RJ,RB,RB,1,27,0,,10,756,Brazil,Brazil,right,174,68,no,6.67,3.92766,0.595395,0.9519999999999998,3.330336,5.711472,2.02,2.144324,0.6,1.071842,1.43,0.83,0.06,0.95,3.094119,0.12,0.48,0.713262,RJ,Testing,2024,0.1762034972715494,0.1217010670380316,0.1489522821547905
24,Ronaldo,Portuguesa RJ,Portuguesa RJ,RB,RB,1,25,0,,12,809,Brazil,Brazil,right,181,70,no,7.44,4.31964,1.079976,1.08,4.3197,7.920192000000001,1.8,0.8398679999999998,0.72,0.48,1.32,0.72,0.06,0.48,1.67994,0.24,1.08,1.080024,RJ,Testing,2024,0.5180864751385104,0.4321391895384077,0.475112832338459
25,Joazi,Portuguesa RJ,Portuguesa RJ,"RB, LB, RW",RB,1,27,0,,9,725,Brazil,Brazil,right,168,67,no,6.74,2.854712,0.90596,0.39,1.945278,6.354997,1.56,2.07644,0.39,1.035,1.3,0.52,0.08,0.65,1.16468,0.26,0.78,0.7763800000000001,RJ,Testing,2024,0.0,0.0,0.0
26,Maicon,Nova Iguaçu,Nova Iguaçu,LB,LB,1,23,0,,12,1113,Brazil,Brazil,,0,0,no,10.98,5.4495,1.296,1.038375,3.892935,6.571110000000001,3.98,4.152194,1.3,2.93626,1.47,0.61,0.05,0.43,2.76374,0.43,0.69,0.606606,RJ,Testing,2024,0.6372368413577307,0.5112340033643631,0.5742354223610469
27,Yan,Nova Iguaçu,Nova Iguaçu,RB,RB,1,28,0,,8,592,Brazil,Brazil,right,194,92,no,10.52,5.627065,0.543279,0.544322,3.447288,6.898747999999999,2.9,2.537355,1.09,1.815312,0.91,0.18,0.08,0.54,1.091,0.18,0.91,0.7243719999999999,RJ,Testing,2024,0.4001982897727563,0.285716046907894,0.3429571683403251
0,F. Bustos,Internacional,Internacional,RB,RB,1,27,6500000,2024-12-31,13,1136,Argentina,Argentina,right,167,66,no,11.36,5.595075,0.51688,2.751828,7.397536,16.516317,2.32,1.292256,1.03,0.5989059999999999,1.2,0.09,0.1,0.86,2.583484,0.77,1.2,1.54707,RS,Testing,2024,0.6191528997753656,0.6268615851348509,0.6230072424551083
1,João Lucas,Juventude,Juventude,RB,RB,1,26,2000000,2025-12-31,12,1128,Brazil,Brazil,right,181,72,no,8.86,5.507693999999999,1.036065,2.395215,4.30743,9.896194000000001,3.11,2.949786,1.04,1.83311,1.6,0.64,0.07,0.88,2.39418,0.32,0.64,0.8773409999999999,RS,Testing,2024,0.3409522535825352,0.3235108759230227,0.332231564752779
2,Reinaldo,Grêmio,Grêmio,LB,LB,1,34,1000000,2024-12-31,10,966,Brazil,Brazil,left,178,79,no,6.58,3.183887,1.33607,2.15775,11.50464,12.229137,2.16,1.74486,1.23,1.33704,1.03,0.21,0.09,1.13,9.557904,0.92,0.41,1.542816,RS,Testing,2024,0.7243973525821247,0.8160308957083611,0.770214124145243
3,Renê,Internacional,Internacional,LB,LB,1,31,900000,2024-12-31,12,1043,Brazil,Brazil,left,174,72,no,9.35,5.004914,2.835,5.3865,10.673377,31.63552,1.61,1.22774,0.47,0.470871,1.89,0.09,0.16,1.32,10.10304,1.13,1.04,2.076099,RS,Testing,2024,1.0,1.0,1.0
4,João Pedro,Grêmio,Grêmio,RB,RB,1,27,600000,2025-12-31,13,1196,Brazil,Brazil,right,179,75,no,7.25,4.332179999999999,0.8677619999999999,1.498346,5.914440999999999,7.958197999999999,2.99,2.441376,1.18,1.736232,1.34,0.24,0.12,0.79,4.17648,0.47,0.79,0.70875,RS,Testing,2024,0.378524890199938,0.3641268129099878,0.3713258515549629
5,Alan Ruschel,Juventude,Juventude,LB,LB,1,34,200000,,12,1086,Brazil,Brazil,left,176,72,no,6.05,2.984124,0.7452,1.493555,6.216418,10.52579,1.33,2.319884,0.58,0.415,1.49,0.5,0.09,0.99,4.058714999999999,0.17,0.5,0.995,RS,Testing,2024,0.2664714863907763,0.2421572991994304,0.2543143927951034
6,Gedeílson,Ypiranga Erechim,Ypiranga Erechim,"RB, LB",RB,1,31,100000,,11,994,Brazil,Brazil,right,177,65,no,7.42,3.07794,1.717028,1.993068,4.70586,9.505068,2.81,3.07629,1.0,1.717028,1.36,0.45,0.07,0.72,2.80391,0.54,0.91,1.268,RS,Testing,2024,0.3726179292429461,0.4092831524930238,0.390950540867985
7,Celsinho,Avenida,Avenida,RB,RB,1,35,100000,,6,529,Brazil,Brazil,right,183,73,no,12.42,5.276637000000001,1.359932,2.549932,6.977103,12.2481,1.87,2.38,0.51,0.68,1.53,0.51,0.14,1.02,4.249829999999999,0.51,1.02,1.529966,RS,Testing,2024,0.5587395068803781,0.5610376386060127,0.5598885727431955
8,Danilo Guimarães,Brasil de Pelotas,Brasil de Pelotas,RB,RB,1,26,0,,11,532,Brazil,Brazil,,0,0,no,11.33,5.076166000000001,1.01625,2.368,5.581695,6.597499999999999,1.86,1.35255,0.17,0.34,0.85,0.17,0.03,0.51,2.875344,0.34,1.35,1.693418,RS,Testing,2024,0.2447315512802997,0.2278067143975558,0.2362691328389278
9,Rodrigo Negueba,Avenida,Avenida,"RB, RAMF, RW",RB,1,24,0,,8,656,Brazil,Brazil,,0,0,no,8.09,4.115381999999999,1.783834,1.644,4.799808,7.410514999999999,3.02,2.742198,0.27,1.647555,1.51,1.92,0.0,0.14,2.194272,0.27,1.23,1.371264,RS,Testing,2024,0.153814298343406,0.2136128315727001,0.183713564958053
10,Cesar Nunes,Avenida,Avenida,"LB, LDMF",LB,1,24,0,2024-06-30,10,944,Brazil,Brazil,left,184,70,no,7.15,3.720726,0.85875,0.86,5.33628,13.250168,1.62,2.476948,0.29,0.86,1.05,0.29,0.03,0.48,3.05226,0.1,0.57,0.7623720000000002,RS,Testing,2024,0.2238071164975989,0.1732016421433546,0.1985043793204768
11,Chicão,Avenida,Avenida,"RB, RDMF, RCMF",RB,1,38,0,,11,598,Brazil,Brazil,right,183,75,no,5.57,1.503786,2.407122,1.655654,3.914324,12.337325,0.45,0.453,0.45,0.0,0.15,0.15,0.01,0.3,3.616,0.0,0.3,0.300015,RS,Testing,2024,0.0,0.0,0.0
12,Alessandro Vinícius,EC São José,EC São José,"RB, RWB, LB",RB,1,25,0,,11,1015,Brazil,Brazil,right,174,70,no,7.98,4.43424,0.885608,1.77284,4.257822000000001,5.233514,3.28,3.456274,0.98,1.858976,1.6,0.44,0.21,0.89,1.770482,0.27,1.33,1.152877,RS,Testing,2024,0.292678428168877,0.3176615648303452,0.3051699964996111
13,Alan Cardoso,Avenida,Avenida,"LB, LAMF",LB,1,26,0,,9,602,Brazil,Brazil,left,177,66,no,8.67,3.739344,2.094765,0.896577,3.885436,7.324416,2.39,3.8896,0.9,1.044107,1.2,0.3,0.02,0.6,2.693751,0.15,0.6,0.9,RS,Testing,2024,0.2234236901645799,0.1998471100723305,0.2116354001184552
14,David Luís,Santa Cruz RS,Santa Cruz RS,LB,LB,1,28,0,,7,534,Brazil,Brazil,left,180,76,no,9.44,3.540849,0.8432489999999998,2.356532,5.728595,6.742637999999999,0.67,1.348504,0.34,0.168,0.84,0.51,0.03,0.67,3.0312,0.34,0.51,0.505748,RS,Testing,2024,0.1256332079471053,0.09145158086247535,0.1085423944047903
15,Rai,Novo Hamburgo,Novo Hamburgo,LB,LB,1,23,0,,11,1043,Brazil,Brazil,,0,0,no,5.57,2.7387,1.6065,1.41678,6.895651,5.666354999999999,3.12,2.929689,0.47,1.982496,1.32,1.04,0.08,0.66,3.87243,0.57,0.94,1.227026,RS,Testing,2024,0.472225466310723,0.4635308687948397,0.4678781675527814
16,Anilson,Novo Hamburgo,Novo Hamburgo,"RB, RCB",RB,1,22,0,,10,774,Brazil,Brazil,right,185,66,no,10.23,5.69625,3.258368,4.18782,9.537278,7.786962999999998,2.21,2.443,0.23,1.161492,0.7,0.7,0.02,0.35,5.117363999999999,0.47,0.7,1.05,RS,Testing,2024,0.5620027546414762,0.5548164419632988,0.5584095983023876
17,Jefinho,Brasil de Pelotas,Brasil de Pelotas,"LB, LAMF",LB,1,22,0,,9,710,Brazil,Brazil,left,0,0,no,6.46,3.29346,0.1275,0.762,4.439484999999999,5.829707999999999,1.9,2.026464,0.51,1.651,1.52,0.51,0.06,1.14,2.15327,0.25,0.25,0.126692,RS,Testing,2024,0.1419334856971026,0.07735039967246754,0.1096419426847851
18,Gabriel Biteco,Brasil de Pelotas,Brasil de Pelotas,"RB, RAMF",RB,1,24,0,,10,705,Brazil,Brazil,,0,0,no,9.7,5.490392000000001,0.765,1.148648,3.063606,4.726926000000001,1.66,2.42372,0.13,1.020051,0.51,0.13,0.04,0.26,0.8939099999999999,0.13,0.64,0.7660899999999999,RS,Testing,2024,0.01229839997680788,0.00656996626673001,0.009434183121768943
19,Lessa,Guarany de Bagé,Guarany de Bagé,RB,RB,1,24,0,,11,953,Brazil,Brazil,right,0,0,no,8.88,4.534974,1.700718,2.453818,4.435782,5.383728,2.93,4.157804,0.47,1.981,1.13,0.57,0.09,1.13,2.834486,0.19,0.76,0.661215,RS,Testing,2024,0.2337949268243099,0.2456458100851835,0.2397203684547468
20,João Gabriel,Guarany de Bagé,Guarany de Bagé,"LB, LW",LB,1,24,0,,12,1084,Brazil,Brazil,left,175,68,no,8.72,3.983274,0.997928,1.824822,3.652632000000001,4.479934,2.16,1.992528,0.33,0.9138960000000002,0.83,0.5,0.03,0.5,2.575969,0.33,0.75,1.162617,RS,Testing,2024,0.0892913678823546,0.1134364427639908,0.1013639053231727
21,João Vitor,São Luiz,São Luiz,RB,RB,1,21,0,,11,943,Brazil,Brazil,,0,0,no,10.59,5.440087999999999,1.718576,1.429488,6.584208,6.015,3.05,4.007256,0.67,1.814184,2.58,0.57,0.06,0.76,3.819541000000001,0.57,1.05,1.62,RS,Testing,2024,0.5173806328957725,0.5084076764011607,0.5128941546484667
22,Marcelo,Caxias,Caxias,RB,RB,1,34,0,,11,1077,Brazil,Brazil,right,180,76,no,8.52,3.946864,1.433142,3.588858,6.284450000000001,11.486335,0.81,0.449946,0.09,0.27,0.9,0.18,0.16,1.44,3.765048000000001,0.36,0.36,0.807034,RS,Testing,2024,0.2578325622140648,0.2420061963988963,0.2499193793064806
23,Márcio Duarte,São Luiz,São Luiz,"LB, LW",LB,1,32,0,,12,1038,Brazil,Brazil,,178,74,no,5.9,1.9964,1.300104,1.0416,6.93855,6.678408000000001,2.51,0.9540090000000001,1.39,0.86535,0.43,0.17,0.09,1.04,3.382722,0.0,1.39,1.212,RS,Testing,2024,0.4241515604251774,0.3605290786334933,0.3923403195293354
24,Dudu Mandai,Caxias,Caxias,LB,LB,1,31,0,,13,1160,Brazil,Brazil,left,172,68,no,9.23,3.724588,1.318428,2.639,8.066024,11.014248,2.64,2.330318,0.85,1.398446,1.94,1.16,0.17,1.55,4.65805,0.39,1.09,1.162469,RS,Testing,2024,0.6053408580637828,0.5960553564097015,0.6006981072367422
0,J. Piquerez,Palmeiras,Palmeiras,"LWB, LCB, LB",LWB,1,25,8000000,2025-12-31,13,1133,Uruguay,"Uruguay, Italy",left,183,80,no,8.82,3.892,0.7928730000000002,1.351148,4.04922,13.5065,2.38,2.302102,0.48,1.112254,0.87,0.08,0.11,1.11,2.937339,0.4,1.19,1.428245,SP,Testing,2024,0.3213352837903587,0.4120053898548715,0.3624124318954186
1,Welington,São Paulo,São Paulo,"LB, LWB",LB,1,23,3000000,2024-12-31,13,1218,Brazil,Brazil,left,175,73,no,7.68,4.802630000000001,1.69983,1.920852,6.356974,10.196208,4.43,3.692472,1.03,2.2878,3.33,0.89,0.15,1.33,3.765887999999999,0.81,1.85,1.993054,SP,Testing,2024,0.6998738318985439,0.7139790410146287,0.704956089190706
2,Igor Vinícius,São Paulo,São Paulo,"RB, RWB",RB,1,26,3000000,2025-12-31,8,563,Brazil,Brazil,right,174,70,no,7.35,4.154289,0.800064,0.48,3.520224,10.391251,4.16,3.835172,1.6,2.72,1.12,0.32,0.23,1.44,3.199872,0.32,0.96,0.6399360000000001,SP,Testing,2024,0.2584342375383841,0.3292673212330514,0.2891033051703067
3,Felipe Jonatan,Santos,Santos,LB,LB,1,26,2500000,2025-02-28,13,1006,Brazil,Brazil,left,176,77,no,8.05,4.022620000000001,1.254705,2.327147,6.171388,12.975385,2.33,2.058976,0.54,1.1635,0.89,0.27,0.14,1.07,4.920443,0.27,0.81,0.9847440000000001,SP,Testing,2024,0.5728178366324707,0.5730753251292673,0.5700754807837712
4,Heitor,Guarani,Guarani,RB,RB,1,23,2000000,2024-12-31,9,758,Brazil,Brazil,right,174,67,no,10.09,4.63144,0.235,2.138776,5.10416,11.16193,1.78,1.424528,0.47,0.712858,0.71,0.47,0.09,0.71,2.490904,0.12,0.71,0.8307260000000001,SP,Testing,2024,0.2791522901360045,0.2787012371367582,0.2740789545655432
5,J. Hurtado,Red Bull Bragantino,Red Bull Bragantino,"RB, RWB",RB,1,22,1500000,2026-12-31,8,681,Ecuador,Ecuador,right,178,69,no,7.93,4.756101,1.850448,1.45468,4.360634999999999,9.38172,1.85,1.18918,0.79,0.5272199999999999,0.66,0.13,0.05,0.66,2.511774,0.26,1.19,1.321013,SP,Testing,2024,0.266875059804794,0.285436418373363,0.2712893002906919
6,Juninho Capixaba,Red Bull Bragantino,Red Bull Bragantino,"LB, LWB",LB,1,26,1300000,2026-12-31,11,906,Brazil,Brazil,left,176,63,no,10.43,4.27025,1.689072,2.781068,8.2467,14.804085,3.87,3.475,2.58,2.083995,3.08,0.5,0.02,0.79,5.858709999999999,0.79,0.99,1.689856,SP,Testing,2024,1.0,1.0,1.0
7,Fágner,Corinthians,Corinthians,RB,RB,1,34,1200000,2024-12-31,10,906,Brazil,Brazil,right,168,67,no,7.15,4.072468,0.1975,1.291992,7.453647999999999,11.91619,2.28,1.889524,0.5,0.8952929999999999,1.19,0.2,0.18,1.09,4.671990000000001,0.3,1.59,1.789764,SP,Testing,2024,0.6259083797866772,0.6196770016664053,0.6202567083557295
8,Mayke,Palmeiras,Palmeiras,"RWB, RAMF",RWB,1,31,1000000,2025-12-31,7,582,Brazil,Brazil,right,179,68,no,5.57,3.09375,2.16477,2.162284,6.33624,11.752,3.87,2.01,2.16,1.084938,2.47,0.46,0.34,2.01,1.701966,1.08,2.01,2.47248,SP,Testing,2024,0.7451655807731742,0.7821192475936978,0.7620533710867025
9,Warley,Mirassol,Mirassol,LB,LB,1,24,800000,,11,857,Brazil,Brazil,right,172,64,no,7.56,3.254832,0.839958,3.468,10.504768,19.320945,1.47,3.152752,0.11,0.9480000000000001,3.05,0.63,0.0,0.11,8.403756999999999,0.63,0.53,1.262794,SP,Testing,2024,0.9687085715333268,0.9650371578431993,0.9666501494092091
10,Rodrigo Ferreira,Santos,Mirassol,RB,RB,1,28,800000,2024-05-31,10,919,Brazil,Brazil,right,178,80,no,8.72,3.920147,1.761965,2.152452,5.584675,14.592135,1.66,1.566492,0.98,0.293304,1.37,0.2,0.12,0.78,4.311804,0.29,0.98,0.684675,SP,Testing,2024,0.6138197440922478,0.549350498509859,0.5787720985149636
11,Aderlan,Santos,Santos,"RB, RWB",RB,1,33,800000,2024-12-31,11,837,Brazil,Brazil,right,180,71,no,10.22,5.587998,1.39635,3.5475,6.991613999999999,9.462149,2.26,1.72104,0.54,0.9675,0.75,0.11,0.12,0.75,3.440086,1.08,0.86,1.826232,SP,Testing,2024,0.5874295592199424,0.5924335715521325,0.5871746561336415
12,Nathan Mendes,Red Bull Bragantino,Red Bull Bragantino,"RB, RWB",RB,1,21,600000,2024-12-31,9,698,Brazil,Brazil,right,182,79,no,8.51,3.220956,1.6744,1.032966,6.314497,10.187502,2.19,2.448126,1.03,1.54922,3.22,0.9,0.02,0.26,5.413488,0.39,0.52,0.6461279999999999,SP,Testing,2024,0.518951102342697,0.5166243457372103,0.5145457883702046
13,Danilo Barcelos,Grêmio Novorizontino,Grêmio Novorizontino,"LB, LWB",LB,1,32,550000,,13,918,Brazil,Brazil,left,186,75,no,6.86,3.236051,1.469196,1.175192,3.823236,8.431542,1.47,1.276236,0.29,0.196647,0.39,0.1,0.09,1.27,1.66844,0.1,1.08,1.077212,SP,Testing,2024,0.1141200788987898,0.1052287172768028,0.1036886974525658
14,Hugo,Corinthians,Corinthians,LB,LB,1,26,500000,2024-12-31,12,843,Brazil,Brazil,left,179,73,no,9.72,5.231380000000001,1.38656,1.601743,6.085224,14.41276,1.17,0.96,0.53,0.5333760000000001,0.85,0.32,0.06,0.75,4.487112,0.75,0.53,1.279936,SP,Testing,2024,0.5517100129536091,0.5506442246153971,0.5481596615762329
15,Arthur Henrique,São Bernardo FC,São Bernardo FC,"LWB, LB",LWB,1,29,500000,2024-12-31,11,1018,Brazil,Brazil,left,176,68,no,9.13,5.79608,0.3233009999999999,0.9658979999999999,3.97193,5.584176,3.01,3.866225,0.54,2.257371,1.07,0.64,0.1,0.75,2.363301,0.32,0.54,0.9686359999999999,SP,Testing,2024,0.1939977371739301,0.185666830659961,0.1843854884947021
16,Douglas Borel,Portuguesa,Portuguesa,"RB, RWB",RB,1,21,500000,2024-12-31,10,801,Brazil,Brazil,right,178,71,yes,4.94,2.47,1.571055,0.9,1.57242,6.404853,1.69,2.808558000000001,1.8,0.6740389999999999,2.13,0.67,0.01,0.56,1.014,0.34,0.67,0.561156,SP,Testing,2024,0.0181478473900521,0.0650115230276681,0.03513618063621628
17,Júnior Caiçara,Santo André,Santo André,"RB, LB",RB,1,34,450000,2024-06-30,9,602,Brazil,"Brazil, Bulgaria",right,173,65,no,7.92,4.33751,1.793423,2.540436,6.129017999999999,11.06205,2.24,1.0465,0.15,0.895,1.2,0.75,0.17,1.79,5.235240999999999,0.45,1.5,1.795235,SP,Testing,2024,0.5935350736785804,0.6469511000290544,0.6176899633770015
18,Hayner,Santos,Santos,"RB, LB",RB,1,28,400000,,11,876,Brazil,Brazil,right,178,71,no,8.22,3.288132,0.9234680000000001,0.616605,3.6975,8.116416,4.01,3.595072,0.51,2.3653,3.08,1.85,0.06,0.51,2.26296,0.41,1.44,1.641502,SP,Testing,2024,0.2355302112799743,0.3229010481595972,0.2743697627091279
19,G. Risso Patrón,Ponte Preta,Ponte Preta,"LB, LWB",LB,1,28,400000,2024-12-31,12,1127,Argentina,Argentina,left,179,71,yes,10.94,3.513699,0.24,1.915118,5.992695,6.545339999999999,1.84,0.9600799999999999,1.04,0.72,0.48,0.64,0.09,0.72,2.713149,0.16,1.2,0.960016,SP,Testing,2024,0.2824273273975721,0.2379470651534366,0.2552134002174168
20,Alex Silva,Água Santa,Água Santa,RB,RB,1,29,300000,,9,817,Brazil,Brazil,right,184,82,no,9.14,3.6366,1.764406,2.7563,6.607224,11.125905,2.42,3.966144,0.33,1.87,2.31,0.77,0.03,0.55,4.408872,0.77,0.77,1.209967,SP,Testing,2024,0.5889368552858897,0.5903924792430026,0.586905963643504
21,Igor Inocêncio,Ponte Preta,Ponte Preta,"RB, RW",RB,1,25,300000,,12,1139,Brazil,Brazil,right,185,78,no,8.06,4.03,1.42142,1.896,4.344921,8.295525,2.37,1.659,0.95,1.266174,0.63,0.24,0.08,0.71,1.895432,0.32,1.11,1.027939,SP,Testing,2024,0.2782953814149078,0.2831136481402344,0.2758686576107467
22,Wallison,Botafogo SP,Botafogo SP,"RWB, RB",RWB,1,22,300000,,11,814,Brazil,Brazil,right,177,70,yes,8.07,2.876868,0.8843559999999999,1.32636,4.646178000000001,6.968481000000001,1.0,0.8856700000000001,0.22,0.443289,0.55,0.11,0.0,0.33,2.983056,0.22,0.55,0.5525,SP,Testing,2024,0.01335629846063164,0.0,0.0
23,Felipe Albuquerque,Inter de Limeira,Inter de Limeira,RB,RB,1,24,250000,,9,667,Brazil,Brazil,right,174,73,no,10.29,6.663727,2.171472,1.015116,5.219942,5.075232000000001,1.3,1.447648,0.14,0.7214430000000001,1.3,0.29,0.06,0.58,3.625029,0.14,0.58,0.7249129999999999,SP,Testing,2024,0.2477191779650584,0.2152812391152912,0.2263335485227206
24,Willean Lepo,Grêmio Novorizontino,Grêmio Novorizontino,"RB, RCB, RWB",RB,1,27,250000,,12,967,Brazil,Brazil,right,180,78,no,10.98,6.144600000000001,1.302,2.418658,6.328412999999999,7.725607999999999,3.82,2.977485,0.65,2.046,2.23,0.47,0.12,0.65,2.791416,0.47,1.58,1.85932,SP,Testing,2024,0.5802832607381595,0.5723140642627726,0.5734500986047723
25,Léo Duarte,Ituano,Ituano,"RB, LB",RB,1,24,200000,,11,787,Brazil,Brazil,right,175,67,no,9.94,5.163972,1.1628,2.192388,7.615256,10.97516,3.23,3.22695,0.26,1.6796,0.65,0.26,0.07,0.9,4.777542,0.13,1.16,1.421616,SP,Testing,2024,0.5955787107938902,0.5968379857305937,0.5934936381144978
26,Hélder,Guarani,Guarani,LB,LB,1,35,100000,,9,707,Brazil,Brazil,left,177,81,no,8.02,4.201052000000001,1.271454,2.162676,5.477072999999999,7.254239999999999,2.42,2.419206,0.76,1.4025,0.64,0.13,0.06,1.02,2.293448,0.64,1.02,1.143504,SP,Testing,2024,0.4070903872090958,0.3609785833389787,0.3798933203284751
27,Gabriel Inocêncio,Água Santa,Água Santa,"LB, RB",LB,1,29,100000,2024-11-30,10,924,Brazil,Brazil,right,175,69,no,10.71,6.621909999999999,1.75269,1.461677,3.894756,9.544364999999999,1.95,2.62875,0.19,1.55807,2.92,1.07,0.01,0.29,2.145,0.1,0.49,0.585,SP,Testing,2024,0.2729768256935655,0.2193848288437813,0.2411128657370991
28,Vitor Ricardo,São Bernardo FC,São Bernardo FC,"RWB, RB",RWB,1,23,100000,2024-12-31,11,734,Brazil,Brazil,right,178,67,no,5.74,2.297548,0.573276,1.576552,4.019412,9.903960000000001,2.73,1.579458,1.0,0.8614859999999999,1.58,0.43,0.09,0.86,1.578924,0.43,1.58,1.5796,SP,Testing,2024,0.3113034067415242,0.2990602541099086,0.3005105353960575
29,Luiz Felipe,Ponte Preta,Ponte Preta,RB,RB,1,26,100000,2025-04-11,8,570,Brazil,Brazil,right,180,76,no,12.32,7.575648,0.9491700000000001,2.681676,5.997012,8.528144999999999,3.63,3.473302,0.32,2.526786,1.42,0.47,0.11,1.11,4.102626999999999,0.79,0.95,1.423125,SP,Testing,2024,0.5511964563440964,0.5639600927057957,0.554603852585907
30,Reverson,Grêmio Novorizontino,Grêmio Novorizontino,"LB, LCB, LWB",LB,1,27,100000,,12,683,Brazil,Brazil,left,175,71,no,8.43,3.689646,1.58195,2.636534999999999,4.480224,6.327999999999999,1.32,1.1844,0.92,0.920835,1.05,0.13,0.05,1.19,1.976166,0.53,0.0,0.657666,SP,Testing,2024,0.1795514930896559,0.1750728483551074,0.1717812019939444
31,Jean Victor,Botafogo SP,Botafogo SP,"LB, LWB",LB,1,29,50000,2024-12-05,11,973,Brazil,Brazil,left,181,72,no,8.6,3.145296,0.6475,1.573395,4.7175,6.382574,0.92,0.8316040000000001,1.11,0.184426,0.37,0.0,0.04,0.65,2.776846,0.37,0.55,0.922635,SP,Testing,2024,0.1101953959743733,0.0670727914969983,0.08250693815087799
32,JP Galvão,Inter de Limeira,Inter de Limeira,"RB, RWB",RB,1,22,0,,10,650,Brazil,Brazil,right,184,75,yes,8.02,4.007558,1.038363,2.227956,4.157421,8.759386,1.19,1.484556,0.3,0.892,1.19,0.74,0.0,0.0,3.41692,0.3,0.59,0.445744,SP,Testing,2024,0.1340145551249052,0.1046419273299514,0.1134074438308435
33,Zé Mário,Inter de Limeira,Inter de Limeira,LB,LB,1,32,0,2024-04-10,9,821,Brazil,Brazil,left,175,78,no,9.48,5.049587,1.475331,3.9424,8.005608,9.852741,1.35,0.985356,0.49,0.6125,1.97,0.49,0.25,1.6,5.16928,0.74,0.37,0.8633580000000001,SP,Testing,2024,0.5949201117599295,0.6055735469209218,0.5975592700897278
34,Marlinho,Ituano,Ituano,"LWB, LB, LAMF",LWB,1,18,0,,10,679,Brazil,Brazil,unknown,0,0,no,7.94,2.549062,0.4259999999999999,1.13339,3.685854,5.103657000000001,2.55,2.693636,0.85,1.276392,1.28,0.43,0.03,0.57,1.278,0.71,0.85,1.274253,SP,Testing,2024,0.1513303250212161,0.1266766350128201,0.133214960170431
35,Eduardo Diniz,Portuguesa,Portuguesa,"LB, LWB",LB,1,34,0,2024-12-31,11,968,Brazil,Brazil,both,179,68,no,5.39,2.418853,0.3720000000000001,2.791665000000001,4.836517,5.952891999999999,1.77,0.93096,0.19,0.6506440000000001,0.28,0.09,0.25,1.86,2.604000000000001,0.19,0.84,0.7453799999999999,SP,Testing,2024,0.0,0.02240949929089936,0.004557032961296874
36,Igor Fernandes,Santo André,Santo André,LB,LB,1,31,0,,11,1034,Brazil,Brazil,left,183,78,no,7.14,3.04375,1.218475,2.175,5.131976,7.39883,1.91,1.5675,0.52,0.9570000000000001,1.91,0.26,0.03,0.35,2.958,0.0,0.87,0.9570000000000001,SP,Testing,2024,0.183657221094479,0.1822846931913755,0.1774780327000855
