Unnamed: 0,Atleta,Equipe,Equipe_Janela_Análise,Posição,Posição_Wyscout,Código_Posição_Wyscout,Idade,Valor_Mercado,Fim_Contrato,Jogos,Minutos,Nacionalidade,Passaporte,Pé,Altura,Peso,Empréstimo,Ações_Defensivas_BemSucedidas,Duelos_Defensivos_Ganhos,Duelos_Aéreos_Ganhos,Finalizações_Bloqueadas,Interceptações_Ajustadas_a_Posse,Passes_Laterais_Certos,Liga,Base,Versão_Temporada,RF_Rating,ET_Rating,Rating
0,Zé Ivaldo,Cruzeiro,Cruzeiro,"RCB, LCB",RCB,4,27,3000000,,8,613,Brazil,Brazil,right,185,78,no,4.99,2.495181000000001,1.76293,0.44,4.52,19.383904,MG,Testing,2024,0.3961822693728018,0.3945545791144904,0.395368424243646
1,Jemerson,Atlético Mineiro,Atlético Mineiro,LCB,LCB,4,31,2000000,2024-12-31,10,1022,Brazil,"Brazil, Monaco",right,184,77,no,7.66,3.963452,1.674516,0.53,5.29,20.874334,MG,Testing,2024,0.6718178058682913,0.7168962604044569,0.694357033136374
2,Bruno Fuchs,Atlético Mineiro,Atlético Mineiro,"RCB, CB",RCB,4,25,1800000,2024-12-31,7,692,Brazil,Brazil,right,190,85,no,8.19,3.51,2.209909,0.65,7.29,23.929215,MG,Testing,2024,1.0,1.0,1.0
3,Éder,América Mineiro,América Mineiro,"LCB, RCB",LCB,4,28,1500000,2024-12-31,7,641,Brazil,Brazil,right,184,82,no,5.76,1.407171,2.665476,0.56,6.47,19.377692,MG,Testing,2024,0.5902198613651124,0.5937317147319288,0.5919757880485206
4,Neris,Cruzeiro,Cruzeiro,"LCB, CB",LCB,4,31,700000,2024-12-31,8,720,Brazil,Brazil,right,190,88,no,7.5,3.500025,1.75253,0.25,7.44,20.129326,MG,Testing,2024,0.8888871641391795,0.8951203208443623,0.8920037424917708
5,João Marcelo,Cruzeiro,Cruzeiro,"LCB, RCB",LCB,4,23,550000,2027-06-30,9,889,Brazil,Brazil,right,190,84,no,6.28,3.034010000000001,2.331,0.4,5.09,20.453472,MG,Testing,2024,0.6095639062964406,0.5919606065574082,0.6007622564269244
6,Ricardo Silva,América Mineiro,América Mineiro,RCB,RCB,4,31,300000,,7,717,Brazil,Brazil,right,190,84,no,6.78,2.636516,4.1415,0.38,6.67,31.503816,MG,Testing,2024,0.9531444609095183,0.986781568295186,0.9699630146023521
7,Ednei,Tombense,Tombense,"RCB, LCB",RCB,4,33,250000,,8,841,Brazil,Brazil,right,189,81,no,5.78,1.928475,2.890814999999999,0.43,5.27,22.04685,MG,Testing,2024,0.5634989039379379,0.562244576847238,0.5628717403925879
8,Cleylton,Ipatinga,Ipatinga,LCB,LCB,4,31,200000,,7,753,Brazil,Brazil,right,190,83,no,6.57,1.79375,2.272951,0.84,6.67,20.791425,MG,Testing,2024,0.7299437650807761,0.7308201990807022,0.7303819820807391
9,Danilo Cardoso,Athletic Club,Athletic Club,RCB,RCB,4,26,150000,,8,864,Brazil,Brazil,right,183,77,no,6.88,2.08561,3.018678,0.63,7.21,11.8792,MG,Testing,2024,0.5907299279676641,0.6051092125046575,0.5979195702361608
10,Zé Vitor,Tombense,Tombense,LCB,LCB,4,23,100000,,6,544,Brazil,Brazil,left,189,86,no,6.95,2.8152,1.8216,0.5,6.41,23.823872,MG,Testing,2024,0.8728928282919949,0.8600695833755794,0.866481205833787
11,Ruan,Ipatinga,Ipatinga,RCB,RCB,4,25,100000,,5,530,Brazil,Brazil,right,186,78,no,9.68,4.073058,2.38,1.36,6.77,15.619468,MG,Testing,2024,0.9077254823241245,0.9216803369429214,0.9147029096335229
12,Edson Miranda,Athletic Club,Athletic Club,"LCB, RCB",LCB,4,24,0,,9,882,Brazil,Brazil,right,183,78,no,5.41,1.735335,3.162,0.92,6.07,14.793597,MG,Testing,2024,0.4196725344330057,0.4355047541820663,0.427588644307536
13,Felipe Moreira,Pouso Alegre,Pouso Alegre,RCB,RCB,4,21,0,,11,1152,Brazil,Brazil,,0,0,no,6.02,2.2678,1.64,0.78,5.07,14.451109,MG,Testing,2024,0.3607676041905188,0.366802222154901,0.3637849131727099
14,Alex Alves,Pouso Alegre,Pouso Alegre,"LCB, CB",LCB,4,31,0,,12,1270,Brazil,Brazil,left,181,84,no,5.31,2.40822,2.832624,0.64,3.48,13.464966,MG,Testing,2024,0.2283786741621921,0.2272538475726525,0.2278162608674223
15,Mendonça,Uberlândia,Uberlândia,"LCB, CB",LCB,4,28,0,,10,1029,Brazil,Brazil,left,0,0,no,8.05,3.064256,2.71271,0.7,6.0,11.277936,MG,Testing,2024,0.5849463169903002,0.649954361721302,0.6174503393558011
16,Adryan,Uberlândia,Uberlândia,"RCB, CB",RCB,4,23,0,2024-11-30,7,716,Brazil,Brazil,right,183,79,no,5.78,1.883484,1.88778,0.75,5.03,14.458459,MG,Testing,2024,0.3341257844572346,0.3315438375967412,0.3328348110269879
17,Jamerson,Uberlândia,Uberlândia,RCB,RCB,4,29,0,,5,530,Brazil,Brazil,right,188,81,no,4.25,1.020051,0.8499490000000001,0.0,3.86,5.091463,MG,Testing,2024,0.0,0.0,0.0
18,Alex Paulino,Villa Nova,Villa Nova,"LCB, DMF, LDMF",LCB,4,22,0,,6,567,Brazil,Brazil,unknown,0,0,no,6.98,4.285337000000001,1.270984,0.32,4.05,16.987386,MG,Testing,2024,0.6037098516794265,0.5702356418501425,0.5869727467647845
19,Renan Arantes,Villa Nova,Villa Nova,RCB,RCB,4,22,0,,6,598,Brazil,Brazil,,0,0,no,6.92,1.356908,2.258865,0.45,9.0,19.868896,MG,Testing,2024,0.7934510499949325,0.805782791973218,0.7996169209840751
20,Guilherme Souza,Patrocinense,Patrocinense,RCB,RCB,4,27,0,,7,647,Brazil,Brazil,right,188,79,no,8.35,3.475968,2.088378,0.7,5.78,13.6318,MG,Testing,2024,0.6686395474598474,0.7470532956534747,0.707846421556661
21,Leo Alves,Patrocinense,Patrocinense,LCB,LCB,4,31,0,,7,668,Brazil,Brazil,,0,0,no,8.08,3.37117,1.213212,0.27,5.47,11.31566,MG,Testing,2024,0.5738394877346552,0.5725885111356266,0.5732139994351408
22,Rayan,Itabirito,Itabirito,LCB,LCB,4,27,0,,7,713,Brazil,Brazil,,0,0,no,6.94,2.526793,2.90544,0.5,6.11,16.027298,MG,Testing,2024,0.6398168473444216,0.644538598755453,0.6421777230499373
23,Lucas Costa,Itabirito,Itabirito,RCB,RCB,4,28,0,,10,1093,Brazil,Brazil,right,189,82,no,6.42,1.975674,2.718522000000001,0.41,6.39,14.079,MG,Testing,2024,0.5742925377267276,0.5510692837820017,0.5626809107543647
24,Lula,Democrata GV,Democrata GV,LCB,LCB,4,32,0,,11,1165,Brazil,Brazil,right,184,69,no,6.49,2.24025,2.008975,0.54,5.57,15.064756,MG,Testing,2024,0.4742221541321527,0.4815473408853002,0.4778847475087264
25,Donato,Democrata GV,Democrata GV,RCB,RCB,4,30,0,,9,940,Brazil,Brazil,right,190,78,no,8.33,3.34796,2.20225,0.29,6.87,16.95044,MG,Testing,2024,0.8700782443412927,0.8811644252807591,0.8756213348110258
0,André,Fluminense,Fluminense,"LCB, LCMF, RCMF",LCB,4,22,14000000,2026-12-31,7,608,Brazil,Brazil,right,176,77,no,6.51,3.402795,0.594256,0.0,5.19,35.085875,RJ,Testing,2024,0.7119233649141101,0.7132412053603341,0.7125822851372221
1,João Victor,Vasco da Gama,Vasco da Gama,RCB,RCB,4,25,8000000,2027-06-30,9,810,Brazil,Brazil,right,187,80,no,6.22,3.553511,1.665845,0.11,3.99,18.106416,RJ,Testing,2024,0.2313734569671651,0.2584975091922232,0.2449354830796941
2,Léo Pereira,Flamengo,Flamengo,LCB,LCB,4,28,4000000,2027-12-31,10,960,Brazil,Brazil,left,189,79,no,5.34,2.34606,1.407171,0.19,4.4,20.253426,RJ,Testing,2024,0.2132633689192488,0.1808996820073868,0.1970815254633178
3,Léo,Vasco da Gama,Vasco da Gama,LCB,LCB,4,28,3500000,2025-12-31,10,973,Brazil,Brazil,left,183,76,no,6.57,3.054311999999999,1.015,0.65,5.59,21.090888,RJ,Testing,2024,0.4886017563407755,0.4814406271024122,0.4850211917215939
4,Fabricio Bruno,Flamengo,Flamengo,RCB,RCB,4,28,3500000,2025-12-31,9,884,Brazil,Brazil,right,192,90,no,6.31,2.746184,1.428,0.51,4.98,18.02031,RJ,Testing,2024,0.2675338391559844,0.2847757136082849,0.2761547763821346
5,Lucas Halter,Botafogo,Botafogo,"RCB, LCB, CB",RCB,4,23,3000000,2024-07-31,11,1007,Brazil,Brazil,right,188,93,no,6.17,2.500608,1.338996,0.36,5.09,21.004893,RJ,Testing,2024,0.345022327845304,0.3455617978424836,0.3452920628438938
6,A. Barboza,Botafogo,Botafogo,LCB,LCB,4,29,2200000,,7,717,Argentina,Argentina,left,193,79,no,9.79,3.51648,2.006204,0.63,7.91,14.056158,RJ,Testing,2024,1.0,1.0,1.0
7,Antônio Carlos,Fluminense,Fluminense,"LCB, RCB, CB",LCB,4,31,2000000,2024-12-31,11,747,Brazil,Brazil,right,190,79,no,6.03,1.78038,3.153613,0.41,6.51,30.271404,RJ,Testing,2024,0.8697516722530726,0.8006280132922362,0.8351898427726544
8,Bastos,Botafogo,Botafogo,"RCB, LCB, CB",RCB,4,33,1500000,2024-06-30,10,975,Angola,Angola,right,180,77,no,7.85,3.320745,2.216,0.28,6.19,18.554317,RJ,Testing,2024,0.736092033497198,0.708530937193147,0.7223114853451724
9,G. Medel,Vasco da Gama,Vasco da Gama,"CB, LCB, DMF",CB,4,36,1000000,,8,784,Chile,Chile,right,171,76,no,6.31,2.527168,0.34288,0.69,5.32,35.706776,RJ,Testing,2024,0.6742027249485303,0.7190935201490463,0.6966481225487883
10,Eduardo Thuram,Sampaio Corrêa RJ,Sampaio Corrêa RJ,LCB,LCB,4,26,350000,,12,1207,Brazil,Brazil,left,189,84,no,7.38,3.282480000000001,1.941408,0.3,5.33,10.591614,RJ,Testing,2024,0.3027027859823338,0.3041693017810692,0.3034360438817015
11,Augusto,Volta Redonda,Volta Redonda,"LCB, RCB",LCB,4,26,300000,,9,886,Brazil,Brazil,right,186,85,no,5.59,2.233836,2.538145,0.71,4.45,19.100961,RJ,Testing,2024,0.2244346231949629,0.2033233835414013,0.2138790033681821
12,Rodolfo Filemon,Portuguesa RJ,Portuguesa RJ,"RCB, LCB",RCB,4,29,250000,,7,734,Brazil,Brazil,both,184,82,no,5.17,1.54,1.255798,0.14,4.56,21.5215,RJ,Testing,2024,0.24245884882673,0.2060614102878167,0.2242601295572734
13,Pablo Maldini,Boavista,Boavista,"LCB, LB",LCB,4,24,150000,,15,1328,Brazil,Brazil,left,184,77,no,8.27,3.45719,1.2195,0.61,6.07,7.526015999999999,RJ,Testing,2024,0.5521619520661796,0.4989356048536379,0.5255487784599087
14,Victor Oliveira,Bangu,Bangu,LCB,LCB,4,29,100000,,11,1146,Brazil,Brazil,left,190,84,no,5.5,1.491996,1.022124,0.79,4.68,9.978704999999998,RJ,Testing,2024,0.0,0.0,0.0
15,Arthur Edeson,Madureira,Madureira,"LCB, RCB",LCB,4,24,0,,11,1143,Brazil,Brazil,,0,0,no,10.16,4.805602,4.253909999999999,1.26,6.35,10.469,RJ,Testing,2024,0.87561028444649,0.831803266675214,0.8537067755608521
16,Marcão,Madureira,Madureira,RCB,RCB,4,34,0,,10,1011,Brazil,Brazil,right,191,76,no,7.83,2.403525,1.956247,0.98,6.58,14.953277,RJ,Testing,2024,0.6109676006306544,0.5911508410961599,0.6010592208634071
17,Igor Silva,Audax Rio,Audax Rio,RCB,RCB,4,29,0,,11,1084,Brazil,Brazil,,0,0,no,8.55,2.907175000000001,1.575153,1.0,6.41,14.524668,RJ,Testing,2024,0.6428185032863223,0.6560604324267882,0.6494394678565553
18,Joao Victor,Audax Rio,Audax Rio,LCB,LCB,4,28,0,,8,845,Brazil,Brazil,right,191,90,no,7.88,2.02188,1.596386,0.75,6.22,12.034926,RJ,Testing,2024,0.4948511280863952,0.4540199034779263,0.4744355157821608
19,Bruno Barra,Volta Redonda,Volta Redonda,"RCB, LCB, RCMF",RCB,4,37,0,2024-11-20,10,927,Brazil,Brazil,right,179,67,no,6.6,2.523143,1.553859,0.29,5.53,20.772024,RJ,Testing,2024,0.4625267242125281,0.446329704508479,0.4544282143605035
20,Luiz Felipe,Bangu,Bangu,"RCB, CB",RCB,4,25,0,,8,781,Brazil,"Brazil, Italy",right,196,80,no,8.3,3.225649,1.150023,0.81,6.77,15.55497,RJ,Testing,2024,0.6939215787901774,0.6890653360178071,0.6914934574039922
21,Lucas Marreta,Bangu,Bangu,RCB,RCB,4,26,0,,7,556,Brazil,Brazil,unknown,0,0,no,6.8,3.239148,1.135,0.65,4.12,7.774312,RJ,Testing,2024,0.09575925828876103,0.076270588506556,0.08601492339765851
22,Gustavo Índio,Sampaio Corrêa RJ,Sampaio Corrêa RJ,RCB,RCB,4,30,0,,11,1167,Brazil,Brazil,unknown,0,0,no,7.94,2.47016,2.777928,0.77,6.32,13.3377,RJ,Testing,2024,0.6147254040417867,0.5922396524505743,0.6034825282461804
23,Diego Guerra,Portuguesa RJ,Portuguesa RJ,"LCB, RCB",LCB,4,33,0,,13,1356,Brazil,Brazil,right,187,91,no,6.47,2.201796,1.207071,0.5,6.06,21.612525,RJ,Testing,2024,0.5303989255214384,0.5002751544475359,0.5153370399844872
24,Gabriel Pinheiro,Nova Iguaçu,Nova Iguaçu,RCB,RCB,4,26,0,,13,1398,Brazil,Brazil,right,0,0,no,8.09,2.928,2.024451,0.21,6.81,15.281451,RJ,Testing,2024,0.7089885196869719,0.6904089843692424,0.699698752028107
25,Sergio Raphael,Nova Iguaçu,Nova Iguaçu,LCB,LCB,4,31,0,,13,1341,Brazil,Brazil,right,188,84,no,8.23,3.148076,1.070604,0.36,6.39,15.523858,RJ,Testing,2024,0.6382822659445879,0.6240137724644516,0.6311480192045198
26,Mizael Monteiro,Boavista,Boavista,"RCB, LCB, CB",RCB,4,23,0,,10,989,Brazil,Brazil,right,184,0,no,6.92,3.186604,1.549383,0.36,4.8,14.469504,RJ,Testing,2024,0.2850602244779278,0.2847224727614865,0.2848913486197072
27,Gabriel Silva,Boavista,Boavista,"CB, LCB, RCB",CB,4,21,0,2024-04-30,10,832,Brazil,Brazil,unknown,0,0,no,7.9,3.032,0.54171,1.41,6.82,14.603628,RJ,Testing,2024,0.6399554431311276,0.6287287999916745,0.6343421215614011
28,Sheldon,Boavista,Boavista,"RCB, RB",RCB,4,24,0,,13,1365,Brazil,Brazil,,0,0,no,6.79,2.174144,1.38417,0.33,6.02,14.179536,RJ,Testing,2024,0.3406345046651099,0.3361113365311473,0.3383729205981286
0,Vitão,Internacional,Internacional,"RCB, LCB",RCB,4,24,7000000,2024-06-30,12,1132,Brazil,Brazil,right,185,78,yes,5.43,2.5,2.410452,0.34,5.06,36.089979,RS,Testing,2024,0.5868816971549355,0.610743126512802,0.5988124118338687
1,Rodrigo Ely,Grêmio,Grêmio,"RCB, LCB",RCB,4,30,3000000,2024-06-30,8,733,Brazil,"Brazil, Italy",right,191,91,no,5.89,2.946,3.560832,0.49,3.19,14.491472,RS,Testing,2024,0.07713239532883294,0.09334467554300455,0.08523853543591874
2,W. Kannemann,Grêmio,Grêmio,LCB,LCB,4,33,1000000,,10,934,Argentina,"Argentina, Italy",left,183,75,no,8.32,4.15545,2.238,0.11,4.79,14.290041,RS,Testing,2024,0.4423932552969878,0.4309824964795737,0.4366878758882807
3,Danilo Boza,Juventude,Juventude,RCB,RCB,4,25,700000,2025-12-31,13,1212,Brazil,Brazil,right,184,76,no,6.61,3.413504000000001,2.44858,0.59,5.4,28.222641,RS,Testing,2024,0.6183765285214945,0.6253338079720878,0.6218551682467911
4,Pedro Geromel,Grêmio,Grêmio,RCB,RCB,4,38,300000,,8,719,Brazil,"Brazil, Italy",right,190,84,no,6.72,2.432136,2.577329999999999,0.72,6.0,22.461824,RS,Testing,2024,0.5296407942037825,0.5362772037923395,0.532958998998061
5,Zé Marcos,Juventude,Juventude,LCB,LCB,4,26,300000,,13,1224,Brazil,Brazil,left,188,77,no,7.94,3.603873,3.969846,0.29,6.19,22.501205,RS,Testing,2024,0.7348588848211633,0.7425770826973402,0.7387179837592517
6,G. Mercado,Internacional,Internacional,"LCB, RCB",LCB,4,37,250000,,9,689,Argentina,"Argentina, Spain",right,181,85,no,6.56,3.016089,1.5744,0.66,7.86,38.437817,RS,Testing,2024,0.8037054343048654,0.8212132058810149,0.81245932009294
7,Denílson,Caxias,Caxias,"RCB, LCB",RCB,4,28,200000,,6,542,Brazil,Brazil,right,187,77,no,4.58,2.587698,2.388,0.2,3.9,10.75299,RS,Testing,2024,0.0,0.0,0.0
8,Marcão,Novo Hamburgo,Novo Hamburgo,"RCB, CB",RCB,4,28,150000,,10,974,Brazil,Brazil,right,193,82,no,6.11,1.528785,2.34,0.92,6.26,12.72297,RS,Testing,2024,0.2825946680405599,0.2580028187673415,0.2702987434039507
9,Alisson,Caxias,Caxias,RCB,RCB,4,30,150000,,8,660,Brazil,Brazil,right,186,91,no,9.79,4.735809000000001,4.578015,0.79,8.35,19.42416,RS,Testing,2024,1.0,1.0,1.0
10,Samuel,EC São José,EC São José,"RCB, RB, RWB",RCB,4,24,100000,2026-06-30,8,517,Brazil,Brazil,right,177,0,no,11.66,6.44088,1.217257,0.17,6.0,8.180031999999999,RS,Testing,2024,0.6855645603167287,0.6579031061459595,0.6717338332313441
11,Fredson,EC São José,EC São José,"CB, RCB",CB,4,32,100000,,11,998,Brazil,Brazil,right,185,83,no,7.21,2.43588,3.246264,0.72,7.35,14.158626,RS,Testing,2024,0.477512381924349,0.5278180121689805,0.5026651970466647
12,Zé Pedro,Brasil de Pelotas,Brasil de Pelotas,RCB,RCB,4,24,50000,,11,1067,Brazil,Brazil,right,194,85,no,7.59,3.798246,1.0125,0.93,4.16,14.506008,RS,Testing,2024,0.3085814186059264,0.2693957337599162,0.2889885761829213
13,Islan,Novo Hamburgo,Novo Hamburgo,LCB,LCB,4,27,0,,6,518,Brazil,Brazil,,0,0,no,7.75,1.662316,4.607235,0.18,8.53,14.939715,RS,Testing,2024,0.5865606277398666,0.668346760949811,0.6274536943448388
14,Jefferson,Santa Cruz RS,Santa Cruz RS,RCB,RCB,4,22,0,,8,718,Brazil,Brazil,,0,0,no,8.02,3.635015999999999,2.882388,0.88,5.44,12.789632,RS,Testing,2024,0.4249147518143089,0.4391155597111563,0.4320151557627325
15,Vitor Dadalt,Avenida,Avenida,LCB,LCB,4,27,0,,10,932,Brazil,Brazil,right,192,0,no,7.15,2.317666,3.38124,0.77,7.04,19.316851,RS,Testing,2024,0.6386825831285041,0.6421580142678395,0.6404202986981717
16,Bruno Jesus,São Luiz,São Luiz,"LCB, RCB",LCB,4,26,0,,9,853,Brazil,"Brazil, Poland",right,191,76,no,8.02,3.48,2.74455,0.21,5.84,14.98739,RS,Testing,2024,0.512076860292263,0.5225155003217254,0.5172961803069942
17,Willian Gomes,Ypiranga Erechim,Ypiranga Erechim,"LCB, LB",LCB,4,34,0,,8,655,Brazil,"Brazil, Equatorial Guinea",left,183,0,no,5.63,2.19989,1.373643,0.0,5.71,16.899132,RS,Testing,2024,0.2561019814973687,0.2653371695875867,0.2607195755424777
18,Heitor,Ypiranga Erechim,Ypiranga Erechim,RCB,RCB,4,34,0,,9,850,Brazil,Brazil,right,190,78,no,6.56,3.070440000000001,3.2798,0.85,5.47,19.484208,RS,Testing,2024,0.4752430634699294,0.4727786731007379,0.4740108682853336
19,Rafael Goiano,Avenida,Avenida,RCB,RCB,4,34,0,,10,1010,Brazil,Brazil,right,188,84,no,5.88,2.584044,1.068518,0.36,4.91,17.109,RS,Testing,2024,0.2063881675278919,0.2001662067384422,0.203277187133167
20,Thiago Sales,Santa Cruz RS,Santa Cruz RS,"LCB, LB",LCB,4,36,0,,11,1063,Brazil,Brazil,right,190,78,no,8.55,3.728277,2.287971,0.93,6.02,18.204492,RS,Testing,2024,0.6507175223001422,0.6453579721812772,0.6480377472407097
21,Felipe Santiago,Novo Hamburgo,Novo Hamburgo,"LCB, RCB",LCB,4,21,0,,7,563,Brazil,Brazil,unknown,0,0,no,9.3,3.7575,3.04017,0.54,7.75,9.30372,RS,Testing,2024,0.6783052242991034,0.7183036665511932,0.6983044454251482
22,Itambé,EC São José,EC São José,"LCB, LB, LWB",LCB,4,23,0,2024-05-31,10,890,Brazil,Brazil,,0,0,no,6.98,2.73052,2.121984,0.1,6.06,6.172512,RS,Testing,2024,0.2626125567192781,0.2260443639274768,0.2443284603233775
23,Jadson,EC São José,EC São José,LCB,LCB,4,31,0,,10,850,Brazil,Brazil,left,186,78,no,9.11,4.657072,2.433795,0.64,5.94,6.985364999999999,RS,Testing,2024,0.5201873960283314,0.534798013837454,0.5274927049328926
24,Tiago Pedra,EC São José,EC São José,"RCB, CB",RCB,4,34,0,,10,874,Brazil,Brazil,right,180,78,no,7.72,3.912572,2.675214,0.72,5.08,14.618178,RS,Testing,2024,0.4265239175971635,0.4117193160186571,0.4191216168079103
25,Bruno Gabriel,Brasil de Pelotas,Brasil de Pelotas,LCB,LCB,4,26,0,,11,898,Brazil,Brazil,,190,0,no,8.62,3.507213000000001,1.603089,0.9,5.66,11.527582,RS,Testing,2024,0.4040584326186258,0.4198117867126985,0.4119351096656622
26,Saulo,Guarany de Bagé,Guarany de Bagé,"LCB, LB",LCB,4,28,0,,11,1073,Brazil,Brazil,right,190,84,no,7.47,2.768085,1.1725,0.5,5.11,11.747624,RS,Testing,2024,0.2523711246210536,0.2414153271932618,0.2468932259071577
27,Micael,Guarany de Bagé,Guarany de Bagé,RCB,RCB,4,37,0,,11,1053,Brazil,Brazil,right,190,80,no,9.66,3.675189,2.136768,0.77,6.68,11.027763,RS,Testing,2024,0.6132107967959772,0.6092025483347678,0.6112066725653724
28,Robert Renan,Internacional,Internacional,"LCB, LB",LCB,4,20,0,,12,906,Brazil,Brazil,left,186,78,yes,5.74,2.97689,0.7732260000000001,0.11,5.37,34.518616,RS,Testing,2024,0.6227840808744591,0.6393094791347825,0.6310467800046208
29,Cézar,Caxias,Caxias,LCB,LCB,4,24,0,,14,1312,Brazil,Brazil,,188,79,no,8.99,4.489869000000001,4.26964,0.66,6.85,13.9932,RS,Testing,2024,0.7192266433908527,0.7152644444316708,0.7172455439112617
30,Ricardo Thalheimer,São Luiz,São Luiz,RCB,RCB,4,31,0,,12,1169,Brazil,Brazil,right,184,84,no,7.78,3.389375,2.000808,0.46,5.49,14.934738,RS,Testing,2024,0.4320777857056952,0.4298521467990556,0.4309649662523753
0,Murilo,Palmeiras,Palmeiras,"LCB, CB",LCB,4,27,8500000,2027-12-31,13,1201,Brazil,Brazil,right,188,78,no,8.24,3.74976,2.1,0.15,7.7,23.60085,SP,Testing,2024,0.7834978228789486,0.7593772426244261,0.7714375327516872
1,Léo Ortiz,Red Bull Bragantino,Red Bull Bragantino,"LCB, RCB, CB",LCB,4,28,6000000,2026-12-31,8,662,Brazil,Brazil,right,185,82,no,7.75,2.313051,2.852337,0.82,9.42,27.459696,SP,Testing,2024,0.8172284823410512,0.815971897685073,0.8166001900130619
2,F. Torres,Corinthians,Corinthians,RCB,RCB,4,27,6000000,2025-06-30,11,1118,Ecuador,Ecuador,right,187,78,no,8.37,4.022556999999999,3.30084,0.08,7.19,25.602852,SP,Testing,2024,0.7845805482890948,0.8144448645863839,0.7995127064377392
3,Luan Cândido,Red Bull Bragantino,Red Bull Bragantino,LCB,LCB,4,23,6000000,2026-12-31,9,753,Brazil,Brazil,left,184,76,no,10.76,4.185798000000001,2.98706,0.6,11.12,19.72464,SP,Testing,2024,0.9908842742056263,0.9832416424470195,0.9870629583263228
4,Diego Costa,São Paulo,São Paulo,"LCB, RCB",LCB,4,24,4000000,2028-12-31,10,845,Brazil,Brazil,right,184,73,no,8.2,3.620181,2.235,0.53,6.82,31.311581,SP,Testing,2024,0.7959701242506532,0.8318529967595726,0.8139115605051128
5,A. Franco,São Paulo,São Paulo,LCB,LCB,4,27,3000000,2025-12-31,6,527,Argentina,Argentina,right,183,77,no,4.61,2.04711,2.7328,0.34,4.84,31.766748,SP,Testing,2024,0.4634888721667895,0.4489771825426022,0.4562330273546958
6,Lucas Cunha,Red Bull Bragantino,Red Bull Bragantino,"RCB, CB",RCB,4,27,2500000,2026-12-31,9,801,Brazil,"Brazil, Portugal",right,186,77,no,6.74,3.03336,2.919046,0.56,6.32,21.233886,SP,Testing,2024,0.4579177020143925,0.459785987718366,0.4588518448663792
7,Luan,Palmeiras,Palmeiras,"CB, RCB",CB,4,30,2500000,2025-12-31,13,1294,Brazil,Brazil,right,189,79,no,7.72,3.26976,1.8784,0.21,7.14,26.56476,SP,Testing,2024,0.6401906311402665,0.7157664599083151,0.6779785455242908
8,R. Arboleda,São Paulo,São Paulo,"RCB, CB",RCB,4,32,1800000,2027-12-31,9,889,Ecuador,Ecuador,right,187,83,no,5.47,2.532915,2.735,0.3,4.6,27.437634,SP,Testing,2024,0.444986655406774,0.4178471964698277,0.4314169259383008
9,N. Ferraresi,São Paulo,São Paulo,"RCB, LCB",RCB,4,25,1500000,,6,569,Venezuela,"Venezuela, Italy",right,190,80,no,8.22,3.795916,1.740699,0.0,5.85,25.78419,SP,Testing,2024,0.6392262139907203,0.6004110876805161,0.6198186508356182
10,Léo Santos,Guarani,Guarani,RCB,RCB,4,25,1200000,,12,1221,Brazil,Brazil,right,186,80,no,8.11,2.5053,1.98911,0.52,6.53,17.02407,SP,Testing,2024,0.3933867679883922,0.365861084197028,0.37962392609271
11,Marcos Rocha,Palmeiras,Palmeiras,"RCB, RWB, RB",RCB,4,35,1200000,,13,1068,Brazil,Brazil,right,176,68,no,8.34,4.887293,0.168872,0.25,5.52,18.789627,SP,Testing,2024,0.4902472552867368,0.4236109609073189,0.4569291080970278
12,Walce,Santo André,Santo André,"RCB, LCB",RCB,4,25,1000000,,6,501,Brazil,Brazil,right,188,79,no,8.98,3.233847,2.873241,0.72,7.69,20.482048,SP,Testing,2024,0.6942353462087436,0.7036073131298055,0.6989213296692744
13,L. Realpe,Red Bull Bragantino,Red Bull Bragantino,"LCB, RCB",LCB,4,23,1000000,2026-12-31,7,502,Ecuador,Ecuador,right,186,74,no,8.43,4.478661,2.6875,0.36,6.3,19.901398,SP,Testing,2024,0.5981623141890264,0.562095846217357,0.5801290802031916
14,Gil,Santos,Santos,"RCB, LCB",RCB,4,36,1000000,,15,1488,Brazil,Brazil,right,192,87,no,6.65,3.142467,2.057925,0.54,4.88,19.536848,SP,Testing,2024,0.3128684045034146,0.2982873573485298,0.3055778809259722
15,Luiz Otávio,Mirassol,Mirassol,LCB,LCB,4,31,900000,,12,1141,Brazil,Brazil,right,194,85,no,6.31,2.291,3.156482,0.32,5.81,29.738304,SP,Testing,2024,0.4915808592055163,0.5022764679220918,0.4969286635638039
16,Bernardo Schappo,Botafogo SP,Botafogo SP,LCB,LCB,4,24,750000,2026-12-31,12,1204,Brazil,"Brazil, Luxembourg",left,191,85,yes,8.45,3.287268,4.486244,0.37,6.31,12.784824,SP,Testing,2024,0.3699037133369079,0.3518370549426236,0.3608703841397657
17,Rafael Forster,São Bernardo FC,São Bernardo FC,"LCB, CB",LCB,4,33,700000,,8,649,Brazil,Brazil,left,184,75,no,8.32,3.33,1.664223,0.69,5.67,16.917525,SP,Testing,2024,0.433432753858238,0.3729305023886981,0.403181628123468
18,Joaquim,Santos,Santos,"LCB, RCB",LCB,4,25,700000,2026-12-31,14,1342,Brazil,Brazil,right,190,82,no,6.64,2.550088,5.299970000000001,0.4,5.83,16.767261,SP,Testing,2024,0.2524016597689647,0.2603738341886149,0.2563877469787897
19,L. Haquín,Ponte Preta,Ponte Preta,"CB, RCB",CB,4,26,475000,,6,596,Bolivia,Bolivia,right,190,76,no,7.1,2.868372,1.510533,0.45,4.7,10.717615,SP,Testing,2024,0.0,0.0,0.0
20,Chico,Grêmio Novorizontino,Grêmio Novorizontino,LCB,LCB,4,25,400000,2024-12-31,13,1221,Brazil,Brazil,left,188,80,yes,9.07,4.351984,1.472823,0.37,5.58,11.280038,SP,Testing,2024,0.3337768524167313,0.2925067003097506,0.3131417763632409
21,Fábio Sanches,Botafogo SP,Botafogo SP,"CB, RCB",CB,4,33,300000,,7,533,Brazil,Brazil,right,186,85,no,6.25,1.85625,0.676599,0.34,5.07,16.551128,SP,Testing,2024,0.1114870945352799,0.06463251681789654,0.08805980567658823
22,Lucas Gazal,Mirassol,Mirassol,RCB,RCB,4,24,300000,2025-12-31,12,1177,Brazil,Brazil,right,187,86,yes,5.43,1.832796,1.991074,0.31,5.23,30.971122,SP,Testing,2024,0.4535679995624011,0.4405967141988079,0.4470823568806044
23,Nilson Júnior,Ponte Preta,Ponte Preta,LCB,LCB,4,32,250000,2024-06-30,7,553,Brazil,Brazil,left,190,73,no,9.93,4.881688,1.463462,0.33,5.09,5.529246,SP,Testing,2024,0.4164516513508504,0.3227289113026571,0.3695902813267538
24,Y. Quintana,Portuguesa,Portuguesa,"RCB, CB",RCB,4,27,250000,,12,1107,Uruguay,Uruguay,right,196,92,no,7.97,3.417468,3.90438,0.24,5.47,12.03048,SP,Testing,2024,0.2531428292282109,0.2324983450738527,0.2428205871510318
25,Renato Palm,Grêmio Novorizontino,Grêmio Novorizontino,"CB, RCB",CB,4,32,250000,2024-04-30,10,826,Brazil,Brazil,right,190,89,no,9.15,3.924804,3.161,0.76,6.03,17.436951,SP,Testing,2024,0.5509670101244102,0.5292164849038753,0.5400917475141427
26,Lucas Dias,Botafogo SP,Botafogo SP,"CB, RCB",CB,4,28,200000,2024-12-05,12,1085,Brazil,Brazil,right,191,82,no,8.63,2.657573999999999,1.411,0.75,7.01,11.860074,SP,Testing,2024,0.2796515536917687,0.2717816785122684,0.2757166161020185
27,Rayan,Guarani,Guarani,"LCB, CB",LCB,4,34,150000,,11,1104,Brazil,Brazil,left,185,75,no,6.52,1.791396,2.688,0.65,5.98,18.262608,SP,Testing,2024,0.2856755429553959,0.2865415257025896,0.2861085343289927
28,Wálber,Água Santa,Água Santa,"RCB, LCB",RCB,4,26,150000,2024-12-31,10,997,Brazil,Brazil,right,186,80,no,7.31,2.797092,1.53643,0.54,6.26,21.578385,SP,Testing,2024,0.4272858244213929,0.4298303650888412,0.428558094755117
29,Mateus Silva,Ponte Preta,Ponte Preta,"RCB, LCB, CB",RCB,4,28,150000,,7,680,Brazil,Brazil,right,192,92,no,7.81,1.982688,1.849368,0.4,6.15,13.098144,SP,Testing,2024,0.19697976073638,0.1684215341279369,0.1827006474321584
30,João Vialle,Ituano,Ituano,"RCB, LCB",RCB,4,21,150000,2024-12-31,11,830,Brazil,Brazil,right,184,81,no,9.49,3.40474,1.459367,0.73,7.42,16.41941,SP,Testing,2024,0.5736382720717799,0.5578975419351521,0.5657679070034659
31,Pedro Carrerette,São Bernardo FC,São Bernardo FC,"LCB, RCB",LCB,4,25,100000,,7,655,Brazil,Brazil,right,188,88,no,7.58,3.033922,1.325,0.76,4.78,10.993419,SP,Testing,2024,0.07150475427454134,0.05621246786596489,0.0638586110702531
32,Jhonnathan,Água Santa,Água Santa,LCB,LCB,4,23,100000,2026-04-30,7,648,Brazil,Brazil,left,186,84,yes,8.47,3.614797,1.389432,1.11,7.34,29.99759,SP,Testing,2024,0.8450593338927483,0.8994241954411836,0.8722417646669658
33,Luiz Gustavo,Santo André,Santo André,LCB,LCB,4,30,50000,,6,550,Brazil,Brazil,right,182,67,no,9.16,3.1059,2.61545,0.49,7.66,18.488418,SP,Testing,2024,0.6362698126834299,0.6192047100284956,0.6277372613559626
34,Afonso,Santo André,Santo André,"RCB, LCB, CB",RCB,4,30,50000,2024-05-31,10,915,Brazil,Brazil,right,186,89,no,7.57,2.850540000000001,1.673856,0.39,5.54,13.177666,SP,Testing,2024,0.1739797807876132,0.1509285315361423,0.1624541561618777
35,Alan Santos,São Bernardo FC,São Bernardo FC,CB,CB,4,32,50000,,10,808,Brazil,Brazil,right,184,78,no,9.96,4.644465,1.698,0.91,6.14,20.943481,SP,Testing,2024,0.6055998195703332,0.6317028212372838,0.6186513204038084
36,Marcel Scalese,Ituano,Ituano,LCB,LCB,4,27,50000,2024-04-15,8,617,Brazil,Brazil,left,190,83,no,8.2,4.27056,1.70625,0.51,5.23,22.368696,SP,Testing,2024,0.5452176588560267,0.5136992763426592,0.5294584675993429
37,Caetano,Corinthians,Corinthians,"LCB, LB",LCB,4,24,0,2024-12-31,9,733,Brazil,Brazil,left,182,80,no,8.84,3.313125,0.737106,0.61,7.64,22.099797,SP,Testing,2024,0.6587696183991978,0.6751197683335795,0.6669446933663885
38,Hélder Maciel,São Bernardo FC,São Bernardo FC,RCB,RCB,4,33,0,2025-04-10,11,1058,Brazil,Brazil,right,188,82,no,9.53,3.796008,2.56116,0.31,6.55,14.862049,SP,Testing,2024,0.509895816863188,0.4967434319545917,0.5033196244088898
39,Castro,Ponte Preta,Ponte Preta,"RCB, LCB",RCB,4,29,0,,12,1001,Brazil,Brazil,,0,0,no,8.54,3.240162,2.07,0.63,5.68,9.62065,SP,Testing,2024,0.1933417327607947,0.1792383560577565,0.1862900444092756
40,Diego Jussani,Inter de Limeira,Inter de Limeira,RCB,RCB,4,36,0,,12,1143,Brazil,Brazil,right,189,85,no,9.57,3.332034999999999,2.64892,0.43,6.56,20.255262,SP,Testing,2024,0.5954977865717133,0.6169440805631498,0.6062209335674315
41,Maurício,Inter de Limeira,Inter de Limeira,LCB,LCB,4,32,0,2024-09-30,11,1039,Brazil,Brazil,left,185,80,no,6.35,3.223552,1.519905,0.28,3.94,20.577086,SP,Testing,2024,0.3285118013870056,0.2948863864486538,0.3116990939178297
42,Vitão,Ituano,Ituano,"LCB, CB, RCB",LCB,4,23,0,2024-06-30,6,556,Brazil,Brazil,right,194,81,yes,13.76,5.015819,2.754,0.65,9.3,18.780933,SP,Testing,2024,1.0,1.0,1.0
43,Patrick,Portuguesa,Portuguesa,LCB,LCB,4,24,0,,11,1098,Brazil,Brazil,,0,0,no,7.13,2.620492,3.194395,1.07,5.55,13.280669,SP,Testing,2024,0.1550532762012077,0.1579417970359645,0.1564975366185861
44,Robson,Portuguesa,Portuguesa,CB,CB,4,30,0,2024-11-30,7,614,Brazil,Brazil,right,185,85,no,8.21,2.49326,2.344509,0.15,6.13,13.636077,SP,Testing,2024,0.2915926221398191,0.2487342776018978,0.2701634498708584
45,Luis Fellipe,Grêmio Novorizontino,Grêmio Novorizontino,RCB,RCB,4,20,0,,9,825,Brazil,Brazil,right,192,74,no,8.18,3.926442,2.507109,0.22,5.16,14.06874,SP,Testing,2024,0.3114827540729334,0.302056990083354,0.3067698720781437
