Unnamed: 0,Ações_Defensivas_BemSucedidas,Passes_Longos_Certos,Passes_Progressivos_Certos,Pisadas_Área,Dribles_BemSucedidos,Corridas_Progressivas,xG,xA,Assistência_Finalização,Passes_TerçoFinal_Certos,Deep_Completions,Passes_Chave,Passes_ÁreaPênalti_Certos,Rating,Atleta,Equipe,Equipe_Janela_Análise,Posição,Posição_Wyscout,Código_Posição_Wyscout,Idade,Valor_Mercado,Fim_Contrato,Jogos,Minutos,Nacionalidade,Passaporte,Pé,Altura,Peso,Empréstimo,Liga,Base,Versão_Temporada,Role,L_Rating,L_Ranking,Size,L_Percentil,Ações_Defensivas_BemSucedidas_LM,Passes_Longos_Certos_LM,Passes_Progressivos_Certos_LM,Pisadas_Área_LM,Dribles_BemSucedidos_LM,Corridas_Progressivas_LM,xG_LM,xA_LM,Assistência_Finalização_LM,Passes_TerçoFinal_Certos_LM,Deep_Completions_LM,Passes_Chave_LM,Passes_ÁreaPênalti_Certos_LM,Ações_Defensivas_BemSucedidas_Rank,Passes_Longos_Certos_Rank,Passes_Progressivos_Certos_Rank,Pisadas_Área_Rank,Dribles_BemSucedidos_Rank,Corridas_Progressivas_Rank,xG_Rank,xA_Rank,Assistência_Finalização_Rank,Passes_TerçoFinal_Certos_Rank,Deep_Completions_Rank,Passes_Chave_Rank,Passes_ÁreaPênalti_Certos_Rank,Ações_Defensivas_BemSucedidas_Percentil,Passes_Longos_Certos_Percentil,Passes_Progressivos_Certos_Percentil,Pisadas_Área_Percentil,Dribles_BemSucedidos_Percentil,Corridas_Progressivas_Percentil,xG_Percentil,xA_Percentil,Assistência_Finalização_Percentil,Passes_TerçoFinal_Certos_Percentil,Deep_Completions_Percentil,Passes_Chave_Percentil,Passes_ÁreaPênalti_Certos_Percentil
1,0.132132,0.563781,1.0,0.309434,0.331704,1.0,0.695652,0.5,0.582734,1.0,1.0,0.411765,1.0,1.0,Moisés,América Mineiro,América Mineiro,"LCMF, AMF",LCMF,8,36,800000,,8,640,Brazil,Brazil,right,184,76,no,MG,Testing,2024,Segundo Volante Box to Box,1.0,1,14,92,0.26312,0.290236,0.333908,0.328841,0.39244,0.401961,0.437888,0.282468,0.396197,0.248986,0.304837,0.377101,0.392104,9.0,2,1,6.0,7,1.0,2.5,3.0,3.0,1,1.0,6.0,1,35,85,92,57,50,92,82,78,78,92,92,57,92
12,0.246246,1.0,0.716055,0.158491,0.150192,0.339869,0.478261,0.318182,0.438849,0.461282,0.307087,0.147059,0.148838,0.674522,Fabrício Bigode,Itabirito,Itabirito,"LCMF, LDMF, RCMF",LCMF,8,25,0,,10,928,Brazil,Brazil,right,175,72,no,MG,Testing,2024,Segundo Volante Box to Box,0.675,2,14,85,0.26312,0.290236,0.333908,0.328841,0.39244,0.401961,0.437888,0.282468,0.396197,0.248986,0.304837,0.377101,0.392104,6.0,1,2,11.0,11,9.0,8.5,5.0,7.0,2,6.0,11.0,11,57,92,85,21,21,35,39,64,50,85,57,21,21
5,0.051051,0.318482,0.59556,0.301887,0.424454,0.79085,0.086957,0.681818,0.76259,0.13374,0.433071,1.0,0.655499,0.674251,Gerson Magrão,Ipatinga,Ipatinga,"LCMF, AMF, CF",LCMF,8,38,200000,2024-04-30,8,658,Brazil,Brazil,left,181,78,no,MG,Testing,2024,Segundo Volante Box to Box,0.674,3,14,78,0.26312,0.290236,0.333908,0.328841,0.39244,0.401961,0.437888,0.282468,0.396197,0.248986,0.304837,0.377101,0.392104,13.0,4,3,7.0,6,2.0,12.5,2.0,2.0,9,4.0,1.0,2,7,71,78,50,57,85,10,85,85,35,71,92,85
0,0.135135,0.160733,0.427923,0.392453,0.0,0.48366,0.695652,0.318182,0.52518,0.285196,0.472441,0.882353,0.384102,0.453415,Edenílson,Atlético Mineiro,Atlético Mineiro,"RCMF, LCMF, RB",RCMF,8,34,2000000,2024-12-31,9,599,Brazil,Brazil,right,175,74,no,MG,Testing,2024,Segundo Volante Box to Box,0.453,4,14,71,0.26312,0.290236,0.333908,0.328841,0.39244,0.401961,0.437888,0.282468,0.396197,0.248986,0.304837,0.377101,0.392104,8.0,11,4,5.0,14,6.0,2.5,5.0,5.0,4,3.0,2.0,8,42,21,71,64,0,57,82,64,64,71,78,85,42
2,0.071071,0.08964,0.35084,1.0,0.265365,0.372549,0.217391,0.318182,0.47482,0.113997,0.496063,0.455882,0.563977,0.434525,Juninho,América Mineiro,América Mineiro,"RCMF, RDMF",RCMF,8,36,400000,2024-12-31,9,864,Brazil,Brazil,right,170,66,no,MG,Testing,2024,Segundo Volante Box to Box,0.435,5,14,64,0.26312,0.290236,0.333908,0.328841,0.39244,0.401961,0.437888,0.282468,0.396197,0.248986,0.304837,0.377101,0.392104,12.0,12,5,1.0,9,8.0,10.0,5.0,6.0,10,2.0,4.5,5,14,14,64,92,35,42,28,64,57,28,85,67,64
10,0.425425,0.311772,0.270052,0.29434,1.0,0.509804,0.478261,0.090909,0.129496,0.265534,0.275591,0.338235,0.283556,0.371555,Marinho,Patrocinense,Patrocinense,"LCMF, LDMF",LCMF,8,28,0,,8,770,Brazil,Brazil,unknown,0,0,no,MG,Testing,2024,Segundo Volante Box to Box,0.372,6,14,57,0.26312,0.290236,0.333908,0.328841,0.39244,0.401961,0.437888,0.282468,0.396197,0.248986,0.304837,0.377101,0.392104,4.0,5,8,8.0,1,4.0,8.5,10.0,12.0,5,7.0,7.5,9,71,64,42,42,92,71,39,28,14,64,50,46,35
11,1.0,0.0,0.181941,0.056604,0.757289,0.098039,0.086957,0.272727,0.208633,0.0,0.0,0.455882,0.042331,0.338466,Gustavo Crecci,Itabirito,Itabirito,"RCMF, RDMF",RCMF,8,29,0,,9,589,Brazil,Brazil,,0,0,no,MG,Testing,2024,Segundo Volante Box to Box,0.338,7,14,50,0.26312,0.290236,0.333908,0.328841,0.39244,0.401961,0.437888,0.282468,0.396197,0.248986,0.304837,0.377101,0.392104,1.0,14,10,13.0,3,12.0,12.5,7.0,11.0,14,14.0,4.5,13,92,0,28,7,78,14,10,50,21,0,0,67,7
6,0.0,0.228612,0.168876,0.569811,0.210174,0.261438,1.0,1.0,1.0,0.208075,0.259843,0.661765,0.608156,0.235403,Nestor Mansur,Pouso Alegre,Pouso Alegre,"LCMF, LW",LCMF,8,26,0,,11,807,Brazil,Brazil,left,178,69,no,MG,Testing,2024,Segundo Volante Box to Box,0.235,8,14,42,0.26312,0.290236,0.333908,0.328841,0.39244,0.401961,0.437888,0.282468,0.396197,0.248986,0.304837,0.377101,0.392104,14.0,9,11,2.0,10,10.0,1.0,1.0,1.0,6,8.0,3.0,4,0,35,21,85,28,28,92,92,92,57,42,78,71
3,0.102102,0.058171,0.276553,0.128302,0.841191,0.653595,0.652174,0.136364,0.23741,0.072707,0.133858,0.25,0.432222,0.229441,Lucas Nathan,Pouso Alegre,Pouso Alegre,"LCMF, LW, CF",LCMF,8,25,250000,,8,543,Brazil,Brazil,left,185,76,no,MG,Testing,2024,Segundo Volante Box to Box,0.229,9,14,35,0.26312,0.290236,0.333908,0.328841,0.39244,0.401961,0.437888,0.282468,0.396197,0.248986,0.304837,0.377101,0.392104,11.0,13,7,12.0,2,3.0,4.0,9.0,9.0,12,11.0,9.0,6,21,7,50,14,85,78,71,35,35,14,21,35,57
7,0.449449,0.354248,0.200264,0.0,0.274374,0.0,0.0,0.0,0.107914,0.105308,0.377953,0.0,0.414757,0.220907,Henrique Caivano,Pouso Alegre,Pouso Alegre,"LCMF, DMF",LCMF,8,22,0,,11,566,Brazil,Brazil,right,0,0,no,MG,Testing,2024,Segundo Volante Box to Box,0.221,10,14,28,0.26312,0.290236,0.333908,0.328841,0.39244,0.401961,0.437888,0.282468,0.396197,0.248986,0.304837,0.377101,0.392104,3.0,3,9,14.0,8,14.0,14.0,13.5,13.0,11,5.0,13.5,7,78,78,35,0,42,0,0,3,7,21,64,3,50
4,0.223223,0.277508,0.167844,0.245283,0.134327,0.503268,0.130435,0.227273,0.546763,0.416845,0.181102,0.338235,0.637397,0.218423,Kaio Mendes,Tombense,Tombense,"RCMF, AMF, RDMF",RCMF,8,28,250000,,8,775,Brazil,Brazil,right,173,66,no,MG,Testing,2024,Segundo Volante Box to Box,0.218,11,14,21,0.26312,0.290236,0.333908,0.328841,0.39244,0.401961,0.437888,0.282468,0.396197,0.248986,0.304837,0.377101,0.392104,7.0,7,12,9.0,12,5.0,11.0,8.0,4.0,3,9.0,7.5,3,50,50,14,35,14,64,21,42,71,78,35,46,78
13,0.453453,0.23782,0.042078,0.441509,0.60154,0.091503,0.521739,0.045455,0.302158,0.166975,0.11811,0.220588,0.264771,0.186158,Paranhos,Ipatinga,Ipatinga,"RCMF, RDMF",RCMF,8,29,0,,8,608,Brazil,Brazil,,0,0,no,MG,Testing,2024,Segundo Volante Box to Box,0.186,12,14,14,0.26312,0.290236,0.333908,0.328841,0.39244,0.401961,0.437888,0.282468,0.396197,0.248986,0.304837,0.377101,0.392104,2.0,8,13,4.0,4,13.0,6.5,11.5,8.0,8,12.0,10.0,10,85,42,7,71,71,7,53,17,42,42,14,28,28
9,0.287287,0.284994,0.276728,0.196226,0.474047,0.405229,0.565217,0.045455,0.230216,0.204856,0.149606,0.0,0.0,0.174564,Sabino,Uberlândia,Uberlândia,"LCMF, RCMF",LCMF,8,24,0,,10,924,Brazil,Brazil,right,180,77,no,MG,Testing,2024,Segundo Volante Box to Box,0.175,13,14,7,0.26312,0.290236,0.333908,0.328841,0.39244,0.401961,0.437888,0.282468,0.396197,0.248986,0.304837,0.377101,0.392104,5.0,6,6,10.0,5,7.0,5.0,11.5,10.0,7,10.0,13.5,14,64,57,57,28,64,50,64,17,28,50,28,3,0
8,0.107107,0.177543,0.0,0.509434,0.029496,0.117647,0.521739,0.0,0.0,0.051284,0.062992,0.117647,0.053847,0.0,Magno,Pouso Alegre,Pouso Alegre,RCMF,RCMF,8,31,0,,12,1073,Brazil,Brazil,right,175,70,no,MG,Testing,2024,Segundo Volante Box to Box,0.0,14,14,0,0.26312,0.290236,0.333908,0.328841,0.39244,0.401961,0.437888,0.282468,0.396197,0.248986,0.304837,0.377101,0.392104,10.0,10,14,3.0,13,11.0,6.5,13.5,14.0,13,13.0,12.0,12,28,28,0,78,7,21,53,3,0,7,7,14,14
22,0.333799,1.0,0.916955,0.106796,0.840462,0.573066,0.03125,0.521739,0.231527,1.0,0.57513,0.463158,0.655765,1.0,João Paulo,Portuguesa RJ,Portuguesa RJ,"RCMF, RDMF, LCMF",RCMF,8,30,0,2024-04-10,10,879,Brazil,Brazil,right,176,74,no,RJ,Testing,2024,Segundo Volante Box to Box,1.0,1,26,96,0.41459,0.450519,0.448757,0.429985,0.398619,0.34946,0.28726,0.349498,0.320765,0.379922,0.387605,0.288664,0.323116,15.0,1,2,24.0,2,4.5,24.0,8.0,15.0,1,5.0,6.0,3,42,96,92,7,92,82,7,69,42,96,80,76,88
0,0.522346,0.580483,1.0,0.805825,0.480447,0.340974,0.40625,0.869565,0.960591,0.848488,0.92228,1.0,0.755347,0.961482,N. de la Cruz,Flamengo,Flamengo,"LCMF, RCMF",LCMF,8,26,11000000,2025-12-31,9,757,Uruguay,Uruguay,right,167,65,no,RJ,Testing,2024,Segundo Volante Box to Box,0.961,2,26,92,0.41459,0.450519,0.448757,0.429985,0.398619,0.34946,0.28726,0.349498,0.320765,0.379922,0.387605,0.288664,0.323116,9.5,8,1,4.0,11,11.5,6.0,3.5,3.0,3,2.0,1.0,2,63,69,96,84,57,55,76,86,88,88,92,96,92
9,0.0,0.490156,0.681674,1.0,0.365859,0.472779,0.5,1.0,1.0,0.345869,1.0,0.431579,1.0,0.738581,Crystopher,Boavista,Boavista,"RCMF, LCMF",RCMF,8,25,50000,,15,1308,Brazil,Brazil,right,174,69,no,RJ,Testing,2024,Segundo Volante Box to Box,0.739,3,26,88,0.41459,0.450519,0.448757,0.429985,0.398619,0.34946,0.28726,0.349498,0.320765,0.379922,0.387605,0.288664,0.323116,26.0,10,4,1.0,15,7.0,5.0,1.5,1.0,11,1.0,7.0,1,0,61,84,96,42,73,80,94,96,57,96,73,96
24,0.272346,0.59984,0.681862,0.296117,1.0,1.0,0.28125,0.347826,0.482759,0.626302,0.668394,0.242105,0.528672,0.716154,Ryan,Boavista,Boavista,"LCMF, RCMF",LCMF,8,21,0,,14,1186,Brazil,Brazil,right,0,0,no,RJ,Testing,2024,Segundo Volante Box to Box,0.716,4,26,84,0.41459,0.450519,0.448757,0.429985,0.398619,0.34946,0.28726,0.349498,0.320765,0.379922,0.387605,0.288664,0.323116,19.0,5,3,18.5,1,1.0,13.0,11.0,5.0,5,4.0,12.0,6,26,80,88,28,96,96,50,57,80,80,84,53,76
14,0.252793,0.688232,0.644353,0.087379,0.52799,0.340974,0.09375,0.173913,0.344828,0.716681,0.331606,0.094737,0.259329,0.67455,Arthur,Madureira,Madureira,LCMF,LCMF,8,32,0,,10,981,Brazil,Brazil,right,174,0,no,RJ,Testing,2024,Segundo Volante Box to Box,0.675,5,26,80,0.41459,0.450519,0.448757,0.429985,0.398619,0.34946,0.28726,0.349498,0.320765,0.379922,0.387605,0.288664,0.323116,20.0,4,5,25.0,9,11.5,19.5,16.5,9.0,4,14.0,20.0,13,23,84,80,3,65,55,25,36,65,84,46,23,50
7,0.396648,0.482591,0.59206,0.296117,0.499286,0.34957,0.34375,0.0,0.08867,0.982317,0.0,0.0,0.0,0.668769,Zé Gabriel,Vasco da Gama,Vasco da Gama,"LCMF, RCMF, DMF",LCMF,8,25,1500000,2025-12-31,10,737,Brazil,Brazil,right,184,77,no,RJ,Testing,2024,Segundo Volante Box to Box,0.669,6,26,76,0.41459,0.450519,0.448757,0.429985,0.398619,0.34946,0.28726,0.349498,0.320765,0.379922,0.387605,0.288664,0.323116,13.0,11,6,18.5,10,9.0,8.5,25.0,21.5,2,26.0,24.5,26,50,57,76,28,61,65,67,3,17,92,0,5,0
17,0.628492,0.305577,0.578066,0.31068,0.773292,0.183381,0.03125,0.0,0.004926,0.568365,0.248705,0.168421,0.220571,0.58744,Mateus Carvalho,Vasco da Gama,Vasco da Gama,"LCMF, LW",LCMF,8,21,0,2024-04-30,9,562,Brazil,Brazil,left,174,74,no,RJ,Testing,2024,Segundo Volante Box to Box,0.587,7,26,73,0.41459,0.450519,0.448757,0.429985,0.398619,0.34946,0.28726,0.349498,0.320765,0.379922,0.387605,0.288664,0.323116,4.0,19,7,15.0,3,20.0,24.0,25.0,25.0,7,18.0,16.5,16,84,26,73,42,88,23,7,3,3,73,30,36,38
2,0.624302,0.333764,0.528266,0.300971,0.0,0.071633,0.1875,0.173913,0.152709,0.545322,0.388601,0.389474,0.320242,0.555194,E. Pulgar,Flamengo,Flamengo,"RCMF, DMF",RCMF,8,30,5000000,2025-12-31,9,722,Chile,Chile,right,187,74,no,RJ,Testing,2024,Segundo Volante Box to Box,0.555,8,26,69,0.41459,0.450519,0.448757,0.429985,0.398619,0.34946,0.28726,0.349498,0.320765,0.379922,0.387605,0.288664,0.323116,5.0,18,8,17.0,26,25.0,15.0,16.5,18.0,9,11.0,8.0,10,80,30,69,34,0,3,42,36,30,65,57,69,61
11,0.773743,0.406794,0.408395,0.34466,0.14544,0.103152,0.09375,0.217391,0.285714,0.302698,0.367876,0.189474,0.250696,0.488947,Henrique Silva,Volta Redonda,Volta Redonda,"RCMF, LCMF, RDMF",RCMF,8,29,0,2024-04-30,9,507,Brazil,Brazil,right,175,70,no,RJ,Testing,2024,Segundo Volante Box to Box,0.489,9,26,65,0.41459,0.450519,0.448757,0.429985,0.398619,0.34946,0.28726,0.349498,0.320765,0.379922,0.387605,0.288664,0.323116,3.0,15,17,13.0,20,23.0,19.5,14.5,11.0,13,12.5,15.0,15,88,42,34,50,23,11,25,44,57,50,51,42,42
16,1.0,0.434285,0.477082,0.364078,0.064526,0.269341,0.0625,0.086957,0.123153,0.160325,0.290155,0.0,0.188328,0.484969,Carlos Coppetti,Portuguesa RJ,Portuguesa RJ,"RCMF, LCMF, LDMF",RCMF,8,29,0,,9,501,Brazil,Brazil,right,183,80,no,RJ,Testing,2024,Segundo Volante Box to Box,0.485,10,26,61,0.41459,0.450519,0.448757,0.429985,0.398619,0.34946,0.28726,0.349498,0.320765,0.379922,0.387605,0.288664,0.323116,1.0,14,9,12.0,23,19.0,21.5,19.5,20.0,22,16.0,24.5,18,96,46,65,53,11,26,17,25,23,15,38,5,30
3,0.398045,0.968838,0.405492,0.728155,0.052236,0.303725,0.34375,0.565217,0.458128,0.328015,0.73057,0.652632,0.473221,0.437302,Marlon Freitas,Botafogo,Botafogo,"RCMF, DMF",RCMF,8,29,2700000,2025-12-31,13,1019,Brazil,Brazil,right,185,78,no,RJ,Testing,2024,Segundo Volante Box to Box,0.437,11,26,57,0.41459,0.450519,0.448757,0.429985,0.398619,0.34946,0.28726,0.349498,0.320765,0.379922,0.387605,0.288664,0.323116,12.0,2,18,5.0,24,15.0,8.5,7.0,6.0,12,3.0,3.0,7,53,92,30,80,7,42,67,73,76,53,88,88,73
18,0.572626,0.352735,0.430831,0.286408,0.418507,0.272206,0.3125,0.086957,0.197044,0.247485,0.367876,0.252632,0.302427,0.413159,Robinho,Volta Redonda,Volta Redonda,LCMF,LCMF,8,21,0,,10,757,Brazil,Brazil,unknown,0,0,no,RJ,Testing,2024,Segundo Volante Box to Box,0.413,12,26,53,0.41459,0.450519,0.448757,0.429985,0.398619,0.34946,0.28726,0.349498,0.320765,0.379922,0.387605,0.288664,0.323116,6.0,16,14,20.0,12,17.5,10.5,19.5,17.0,15,12.5,10.5,11,76,38,46,23,53,32,59,25,34,42,51,59,57
21,0.522346,0.217576,0.344872,0.699029,0.350798,0.329513,1.0,0.608696,0.625616,0.158351,0.222798,0.073684,0.284339,0.362886,Marcelo,Sampaio Corrêa RJ,Sampaio Corrêa RJ,RCMF,RCMF,8,35,0,,12,1254,Brazil,Brazil,right,175,73,no,RJ,Testing,2024,Segundo Volante Box to Box,0.363,13,26,50,0.41459,0.450519,0.448757,0.429985,0.398619,0.34946,0.28726,0.349498,0.320765,0.379922,0.387605,0.288664,0.323116,9.5,22,19,6.0,16,14.0,1.0,5.5,4.0,23,19.0,21.5,12,63,15,26,76,38,46,96,78,84,11,26,17,53
13,0.337989,0.15729,0.413475,0.398058,0.553518,0.673352,0.125,0.434783,0.300493,0.182481,0.528497,0.210526,0.424427,0.350118,Romarinho,Audax Rio,Audax Rio,"RCMF, LCMF, LDMF",RCMF,8,21,0,,10,881,Brazil,Brazil,,0,0,no,RJ,Testing,2024,Segundo Volante Box to Box,0.35,14,26,46,0.41459,0.450519,0.448757,0.429985,0.398619,0.34946,0.28726,0.349498,0.320765,0.379922,0.387605,0.288664,0.323116,14.0,25,16,10.0,6,2.0,18.0,9.5,10.0,21,8.0,13.5,8,46,3,38,61,76,92,30,63,61,19,69,48,69
5,0.041899,0.762317,0.465907,0.38835,0.38407,0.286533,0.375,0.086957,0.241379,0.563249,0.310881,0.210526,0.161198,0.326665,Tchê Tchê,Botafogo,Botafogo,"RCMF, LCMF, RB",RCMF,8,31,1800000,2025-12-31,9,898,Brazil,Brazil,right,175,66,no,RJ,Testing,2024,Segundo Volante Box to Box,0.327,15,26,42,0.41459,0.450519,0.448757,0.429985,0.398619,0.34946,0.28726,0.349498,0.320765,0.379922,0.387605,0.288664,0.323116,25.0,3,10,11.0,14,16.0,7.0,19.5,13.5,8,15.0,13.5,19,3,88,61,57,46,38,73,25,48,69,42,48,26
20,0.180168,0.482442,0.441462,0.334951,0.751171,0.621777,0.15625,0.304348,0.241379,0.221382,0.176166,0.115789,0.386635,0.314543,Gabriel Agú,Sampaio Corrêa RJ,Sampaio Corrêa RJ,"LCMF, RW",LCMF,8,23,0,,11,787,Brazil,Brazil,,0,0,no,RJ,Testing,2024,Segundo Volante Box to Box,0.315,16,26,38,0.41459,0.450519,0.448757,0.429985,0.398619,0.34946,0.28726,0.349498,0.320765,0.379922,0.387605,0.288664,0.323116,23.0,12,13,14.0,4,3.0,16.5,12.5,13.5,17,23.0,18.5,9,11,53,50,46,84,88,36,51,48,34,11,28,65
6,0.210894,0.266281,0.44899,0.563107,0.399763,0.332378,0.625,0.434783,0.226601,0.348009,0.398964,0.273684,0.112588,0.308379,Carlos Eduardo,Botafogo,Botafogo,"LCMF, RWF",LCMF,8,34,1500000,2024-12-31,9,699,Brazil,Brazil,right,184,72,no,RJ,Testing,2024,Segundo Volante Box to Box,0.308,17,26,34,0.41459,0.450519,0.448757,0.429985,0.398619,0.34946,0.28726,0.349498,0.320765,0.379922,0.387605,0.288664,0.323116,22.0,21,12,8.0,13,13.0,3.0,9.5,16.0,10,10.0,9.0,23,15,19,53,69,50,50,88,63,38,61,61,65,11
15,0.236034,0.215957,0.332455,0.533981,0.128018,0.573066,0.15625,0.869565,0.980296,0.234767,0.414508,0.526316,0.542961,0.287289,Pablo Pardal,Madureira,Madureira,"RCMF, AMF",RCMF,8,24,0,,10,900,Brazil,Brazil,right,170,65,no,RJ,Testing,2024,Segundo Volante Box to Box,0.287,18,26,30,0.41459,0.450519,0.448757,0.429985,0.398619,0.34946,0.28726,0.349498,0.320765,0.379922,0.387605,0.288664,0.323116,21.0,23,21,9.0,21,4.5,16.5,3.5,2.0,16,9.0,5.0,4,19,11,19,65,19,82,36,86,92,38,65,80,84
23,0.523743,0.58725,0.419141,0.305825,0.051226,0.080229,0.0625,0.043478,0.08867,0.186782,0.181347,0.073684,0.097557,0.281236,Wellington Cézar,Portuguesa RJ,Portuguesa RJ,"LCMF, RCB, LDMF",LCMF,8,30,0,,13,1380,Brazil,Brazil,right,182,82,no,RJ,Testing,2024,Segundo Volante Box to Box,0.281,19,26,26,0.41459,0.450519,0.448757,0.429985,0.398619,0.34946,0.28726,0.349498,0.320765,0.379922,0.387605,0.288664,0.323116,8.0,7,15,16.0,25,24.0,21.5,22.5,21.5,20,22.0,21.5,24,69,73,42,38,3,7,17,13,17,23,15,17,7
4,0.110335,0.436272,0.313984,0.820388,0.10752,0.0,0.8125,0.608696,0.37931,0.200463,0.559585,0.968421,0.535392,0.238424,P. Galdames,Vasco da Gama,Vasco da Gama,"RCMF, LCMF",RCMF,8,27,2000000,2024-06-30,7,586,Chile,Chile,right,176,68,yes,RJ,Testing,2024,Segundo Volante Box to Box,0.238,20,26,23,0.41459,0.450519,0.448757,0.429985,0.398619,0.34946,0.28726,0.349498,0.320765,0.379922,0.387605,0.288664,0.323116,24.0,13,22,3.0,22,26.0,2.0,5.5,8.0,19,6.5,2.0,5,7,50,15,88,15,0,92,78,69,26,75,92,80
8,0.277933,0.348546,0.457249,0.26699,0.636517,0.518625,0.28125,0.043478,0.0,0.26771,0.202073,0.0,0.215703,0.232238,Adsson,Bangu,Bangu,"LCMF, RCMF",LCMF,8,23,50000,,11,1145,Brazil,Brazil,right,0,0,no,RJ,Testing,2024,Segundo Volante Box to Box,0.232,21,26,19,0.41459,0.450519,0.448757,0.429985,0.398619,0.34946,0.28726,0.349498,0.320765,0.379922,0.387605,0.288664,0.323116,18.0,17,11,21.5,5,6.0,13.0,22.5,26.0,14,20.0,24.5,17,30,34,57,17,80,76,50,13,0,46,23,5,34
1,0.328212,0.594974,0.335103,0.26699,0.291926,0.469914,0.28125,0.0,0.049261,0.57239,0.072539,0.0,0.121806,0.183271,Martinelli,Fluminense,Fluminense,"RCMF, LCMF, LCB",RCMF,8,22,5000000,2025-12-31,7,660,Brazil,"Brazil, Italy",right,177,75,no,RJ,Testing,2024,Segundo Volante Box to Box,0.183,22,26,15,0.41459,0.450519,0.448757,0.429985,0.398619,0.34946,0.28726,0.349498,0.320765,0.379922,0.387605,0.288664,0.323116,16.0,6,20,21.5,18,8.0,13.0,25.0,24.0,6,25.0,24.5,22,38,76,23,17,30,69,50,3,7,76,3,5,15
10,0.959497,0.0,0.0,0.631068,0.536949,0.140401,0.3125,1.0,0.408867,0.0,0.253886,0.168421,0.018199,0.164102,Erick Flores,Boavista,Boavista,"LCMF, RCMF",LCMF,8,34,25000,,10,555,Brazil,Brazil,right,169,60,no,RJ,Testing,2024,Segundo Volante Box to Box,0.164,23,26,11,0.41459,0.450519,0.448757,0.429985,0.398619,0.34946,0.28726,0.349498,0.320765,0.379922,0.387605,0.288664,0.323116,2.0,26,26,7.0,8,22.0,10.5,1.5,7.0,26,17.0,16.5,25,92,0,0,73,69,15,59,94,73,0,34,36,3
12,0.539106,0.294368,0.229093,0.165049,0.161316,0.163324,0.03125,0.086957,0.128079,0.215675,0.119171,0.115789,0.140822,0.145032,Diego Miticov,Audax Rio,Audax Rio,"RCMF, LCMF, RB",RCMF,8,21,0,,10,794,Brazil,Brazil,right,175,73,no,RJ,Testing,2024,Segundo Volante Box to Box,0.145,24,26,7,0.41459,0.450519,0.448757,0.429985,0.398619,0.34946,0.28726,0.349498,0.320765,0.379922,0.387605,0.288664,0.323116,7.0,20,23,23.0,19,21.0,24.0,19.5,19.0,18,24.0,18.5,21,73,23,11,11,26,19,7,25,26,30,7,28,19
25,0.28352,0.204435,0.102672,0.878641,0.304708,0.34384,0.5625,0.304348,0.261084,0.041362,0.559585,0.631579,0.256335,0.052047,Kaué,Botafogo,Botafogo,"RCMF, LCMF, CF",RCMF,8,19,0,,10,747,Brazil,Brazil,,0,0,no,RJ,Testing,2024,Segundo Volante Box to Box,0.052,25,26,3,0.41459,0.450519,0.448757,0.429985,0.398619,0.34946,0.28726,0.349498,0.320765,0.379922,0.387605,0.288664,0.323116,17.0,24,24,2.0,17,10.0,4.0,12.5,12.0,24,6.5,4.0,14,34,7,7,92,34,61,84,51,53,7,75,84,46
19,0.452514,0.502483,0.018243,0.0,0.538561,0.272206,0.0,0.217391,0.078818,0.013481,0.186528,0.252632,0.148457,0.0,Renatinho,Bangu,Bangu,"RCMF, LCMF",RCMF,8,21,0,,8,760,Brazil,Brazil,,0,0,no,RJ,Testing,2024,Segundo Volante Box to Box,0.0,26,26,0,0.41459,0.450519,0.448757,0.429985,0.398619,0.34946,0.28726,0.349498,0.320765,0.379922,0.387605,0.288664,0.323116,11.0,9,25,26.0,7,17.5,26.0,14.5,23.0,25,21.0,10.5,20,57,65,3,0,73,32,0,44,11,3,19,59,23
1,0.498645,0.425528,0.852335,0.694915,0.706078,0.610256,0.217391,0.222222,0.54955,0.92758,1.0,0.514286,1.0,1.0,Pepê,Grêmio,Grêmio,"LCMF, LDMF",LCMF,8,26,1800000,2025-12-31,14,1114,Brazil,Brazil,right,183,77,no,RS,Testing,2024,Segundo Volante Box to Box,1.0,1,17,94,0.457038,0.355352,0.386755,0.38119,0.394577,0.277526,0.242967,0.235294,0.36142,0.371359,0.38872,0.305882,0.49982,7.0,4,3,4.0,3,2.0,7.5,7.5,5.0,2,1.0,4.5,1,58,76,82,76,82,88,55,55,70,88,94,73,94
9,0.449864,1.0,1.0,0.457627,0.423811,0.261538,0.26087,0.5,0.720721,1.0,0.835052,0.457143,0.766729,0.99847,Rafael Carrilho,EC São José,EC São José,"RCMF, DMF",RCMF,8,29,0,,12,1114,Brazil,Brazil,right,176,71,no,RS,Testing,2024,Segundo Volante Box to Box,0.998,2,17,88,0.457038,0.355352,0.386755,0.38119,0.394577,0.277526,0.242967,0.235294,0.36142,0.371359,0.38872,0.305882,0.49982,9.0,1,1,7.0,7,7.0,5.5,3.0,4.0,1,3.0,6.0,5,47,94,94,58,58,58,67,82,76,94,82,64,70
11,0.237127,0.725227,0.85271,0.0,0.227381,0.384615,0.043478,0.055556,0.0,0.674618,0.453608,0.514286,0.500558,0.794276,David Cunha,Guarany de Bagé,Guarany de Bagé,"RCMF, LCMF",RCMF,8,28,0,,11,1023,Brazil,Brazil,,181,76,no,RS,Testing,2024,Segundo Volante Box to Box,0.794,3,17,82,0.457038,0.355352,0.386755,0.38119,0.394577,0.277526,0.242967,0.235294,0.36142,0.371359,0.38872,0.305882,0.49982,13.0,3,2,16.5,13,5.0,14.5,10.5,17.0,3,5.0,4.5,8,23,82,88,2,23,70,14,38,0,82,70,73,52
15,0.234417,0.750315,0.610825,0.112994,0.538534,0.502564,0.565217,0.722222,0.81982,0.62939,0.412371,0.857143,0.662195,0.747307,Gabriel Davis,América RN,São Luiz,"RCMF, LCMF",RCMF,8,34,0,,12,901,Brazil,Brazil,right,180,77,no,RS,Testing,2024,Segundo Volante Box to Box,0.747,4,17,76,0.457038,0.355352,0.386755,0.38119,0.394577,0.277526,0.242967,0.235294,0.36142,0.371359,0.38872,0.305882,0.49982,14.0,2,4,14.0,5,4.0,2.5,2.0,3.0,4,6.5,2.0,7,17,88,76,17,70,76,85,88,82,76,61,88,58
0,0.593496,0.122077,0.458396,0.553672,0.323325,0.574359,0.217391,0.444444,0.36036,0.611865,0.865979,1.0,0.865273,0.575103,M. Villasanti,Grêmio,Grêmio,"RCMF, RDMF, DMF",RCMF,8,27,4000000,2027-12-31,14,1370,Paraguay,Paraguay,right,178,74,no,RS,Testing,2024,Segundo Volante Box to Box,0.575,5,17,70,0.457038,0.355352,0.386755,0.38119,0.394577,0.277526,0.242967,0.235294,0.36142,0.371359,0.38872,0.305882,0.49982,5.0,15,6,5.0,9,3.0,7.5,4.0,8.0,5,2.0,1.0,3,70,11,64,70,47,82,55,76,52,70,88,94,82
4,1.0,0.0,0.311883,0.129944,0.127834,0.061538,0.0,0.055556,0.126126,0.530987,0.350515,0.314286,0.432432,0.466791,Daniel Pereira,Santa Cruz RS,Santa Cruz RS,"RCMF, RDMF, LDMF",RCMF,8,34,0,,9,786,Brazil,Brazil,right,179,78,no,RS,Testing,2024,Segundo Volante Box to Box,0.467,6,17,64,0.457038,0.355352,0.386755,0.38119,0.394577,0.277526,0.242967,0.235294,0.36142,0.371359,0.38872,0.305882,0.49982,1.0,17,9,13.0,14,13.0,17.0,10.5,12.0,6,9.0,8.5,9,94,0,47,23,17,23,0,38,29,64,47,50,47
7,0.531165,0.387669,0.460585,0.073446,0.441073,0.158974,0.130435,0.166667,0.153153,0.172225,0.680412,0.371429,0.993861,0.429693,Filipe Fraga,Novo Hamburgo,Novo Hamburgo,"RCMF, RDMF, LCMF",RCMF,8,24,0,,11,730,Brazil,Brazil,,0,0,no,RS,Testing,2024,Segundo Volante Box to Box,0.43,7,17,58,0.457038,0.355352,0.386755,0.38119,0.394577,0.277526,0.242967,0.235294,0.36142,0.371359,0.38872,0.305882,0.49982,6.0,6,5,15.0,6,10.0,10.5,9.0,10.0,11,4.0,7.0,2,64,64,70,11,64,41,38,47,41,35,76,58,88
13,0.204607,0.175956,0.442115,0.474576,0.923221,1.0,0.26087,1.0,1.0,0.271251,0.123711,0.0,0.685424,0.384782,Guilherme Dal Pian,São Luiz,São Luiz,"LCMF, LW",LCMF,8,25,0,,11,747,Brazil,Brazil,,0,0,no,RS,Testing,2024,Segundo Volante Box to Box,0.385,8,17,52,0.457038,0.355352,0.386755,0.38119,0.394577,0.277526,0.242967,0.235294,0.36142,0.371359,0.38872,0.305882,0.49982,16.0,14,7,6.0,2,1.0,5.5,1.0,1.0,10,14.0,14.0,6,5,17,58,64,88,94,67,94,94,41,17,17,64
10,0.646341,0.308615,0.140576,0.19209,0.627915,0.189744,0.086957,0.0,0.144144,0.0,0.350515,0.0,0.319504,0.203124,Anderson Recife,Brasil de Pelotas,Brasil de Pelotas,"LCMF, LDMF",LCMF,8,27,0,,11,1067,Brazil,Brazil,,0,0,no,RS,Testing,2024,Segundo Volante Box to Box,0.203,9,17,47,0.457038,0.355352,0.386755,0.38119,0.394577,0.277526,0.242967,0.235294,0.36142,0.371359,0.38872,0.305882,0.49982,3.0,9,14,11.5,4,9.0,12.0,14.5,11.0,17,9.0,14.0,11,82,47,17,32,76,47,29,14,35,0,47,17,35
3,0.466125,0.308591,0.242779,0.717514,0.114226,0.010256,0.173913,0.333333,0.855856,0.074988,0.412371,0.0,0.227069,0.201915,Nonato,EC São José,EC São José,LCMF,LCMF,8,28,100000,,12,1130,Brazil,Brazil,right,179,72,no,RS,Testing,2024,Segundo Volante Box to Box,0.202,10,17,41,0.457038,0.355352,0.386755,0.38119,0.394577,0.277526,0.242967,0.235294,0.36142,0.371359,0.38872,0.305882,0.49982,8.0,10,11,3.0,15,16.0,9.0,5.0,2.0,14,6.5,14.0,14,52,41,35,82,11,5,47,70,88,17,61,17,17
5,0.214092,0.193577,0.321963,0.870056,0.032629,0.148718,0.130435,0.0,0.225225,0.39337,0.350515,0.0,0.810007,0.192227,Karl,Ypiranga Erechim,Ypiranga Erechim,"RCMF, AMF, RDMF",RCMF,8,30,0,,9,525,Brazil,Brazil,both,182,75,no,RS,Testing,2024,Segundo Volante Box to Box,0.192,11,17,35,0.457038,0.355352,0.386755,0.38119,0.394577,0.277526,0.242967,0.235294,0.36142,0.371359,0.38872,0.305882,0.49982,15.0,13,8,2.0,16,11.0,10.5,14.5,9.0,8,9.0,14.0,4,11,23,52,88,5,35,38,14,47,52,47,17,76
8,0.875339,0.244024,0.078924,0.20339,0.266554,0.133333,0.043478,0.0,0.027027,0.080544,0.0,0.0,0.0,0.163758,Robson,Novo Hamburgo,Novo Hamburgo,"LCMF, LDMF, RCMF",LCMF,8,32,0,,10,836,Brazil,Brazil,right,180,71,no,RS,Testing,2024,Segundo Volante Box to Box,0.164,12,17,29,0.457038,0.355352,0.386755,0.38119,0.394577,0.277526,0.242967,0.235294,0.36142,0.371359,0.38872,0.305882,0.49982,2.0,11,16,10.0,12,12.0,14.5,14.5,16.0,13,16.5,14.0,17,88,35,5,41,29,29,14,14,5,23,2,17,0
12,0.640921,0.362938,0.101953,0.384181,0.309045,0.235897,0.043478,0.0,0.045045,0.087251,0.278351,0.0,0.255418,0.162934,Allan Christian,Guarany de Bagé,Guarany de Bagé,"LCMF, RCMF",LCMF,8,30,0,,11,664,Brazil,Brazil,right,183,86,no,RS,Testing,2024,Segundo Volante Box to Box,0.163,13,17,23,0.457038,0.355352,0.386755,0.38119,0.394577,0.277526,0.242967,0.235294,0.36142,0.371359,0.38872,0.305882,0.49982,4.0,7,15,9.0,10,8.0,14.5,14.5,15.0,12,11.0,14.0,13,76,58,11,47,41,52,14,14,11,29,35,17,23
2,0.379404,0.19504,0.173246,0.19209,1.0,0.358974,0.565217,0.222222,0.540541,0.289424,0.0,0.314286,0.217578,0.15164,Marcinho,Brasil de Pelotas,Brasil de Pelotas,"RCMF, RW, RDMF",RCMF,8,24,200000,,10,786,Brazil,Brazil,right,182,75,no,RS,Testing,2024,Segundo Volante Box to Box,0.152,14,17,17,0.457038,0.355352,0.386755,0.38119,0.394577,0.277526,0.242967,0.235294,0.36142,0.371359,0.38872,0.305882,0.49982,11.0,12,13,11.5,1,6.0,2.5,7.5,6.0,9,16.5,8.5,15,35,29,23,32,94,64,85,55,64,47,2,50,11
14,0.352304,0.423485,0.238886,0.423729,0.350649,0.05641,0.347826,0.0,0.072072,0.480432,0.175258,0.228571,0.079758,0.148954,Elyeser,Caxias,Caxias,"LCMF, LDMF, RCMF",LCMF,8,33,0,,14,1166,Brazil,Brazil,right,182,79,no,RS,Testing,2024,Segundo Volante Box to Box,0.149,15,17,11,0.457038,0.355352,0.386755,0.38119,0.394577,0.277526,0.242967,0.235294,0.36142,0.371359,0.38872,0.305882,0.49982,12.0,5,12,8.0,8,14.0,4.0,14.5,14.0,7,13.0,10.0,16,29,70,29,52,52,17,76,14,17,58,23,41,5
6,0.445799,0.327374,0.287656,0.0,0.295539,0.030769,0.043478,0.0,0.09009,0.061822,0.092784,0.0,0.264878,0.13289,Amaral,Santa Cruz RS,Santa Cruz RS,"LCMF, LDMF, RDMF",LCMF,8,34,0,,10,961,Brazil,Brazil,right,177,73,no,RS,Testing,2024,Segundo Volante Box to Box,0.133,16,17,5,0.457038,0.355352,0.386755,0.38119,0.394577,0.277526,0.242967,0.235294,0.36142,0.371359,0.38872,0.305882,0.49982,10.0,8,10,16.5,11,15.0,14.5,14.5,13.0,15,15.0,14.0,12,41,52,41,2,35,11,14,14,23,11,11,17,29
16,0.0,0.090574,0.0,1.0,0.0,0.0,1.0,0.277778,0.414414,0.027356,0.226804,0.628571,0.416258,0.0,Emerson Martins,Caxias,Caxias,"RCMF, RDMF, RW",RCMF,8,33,0,,13,870,Brazil,Brazil,,0,0,no,RS,Testing,2024,Segundo Volante Box to Box,0.0,17,17,0,0.457038,0.355352,0.386755,0.38119,0.394577,0.277526,0.242967,0.235294,0.36142,0.371359,0.38872,0.305882,0.49982,17.0,16,17,1.0,17,17.0,1.0,6.0,7.0,16,12.0,3.0,10,0,5,0,94,0,0,94,64,58,5,29,82,41
30,1.0,0.841868,1.0,0.0,0.627131,0.088083,0.0,0.041667,0.144068,1.0,0.294798,0.0,0.272909,1.0,José Aldo,Ituano,Ituano,"RCMF, LCMF, LDMF",RCMF,8,25,50000,,8,590,Brazil,Brazil,right,175,70,no,SP,Testing,2024,Segundo Volante Box to Box,1.0,1,40,97,0.481346,0.395202,0.435169,0.437423,0.252932,0.343912,0.13875,0.20625,0.242479,0.433071,0.271243,0.243561,0.324867,1.0,5,1,39.0,3,35.0,38.5,31.5,26.5,1,16.0,35.0,20,97,87,97,2,92,12,3,21,33,97,60,12,50
38,0.30575,0.982922,0.933725,0.09816,0.231032,0.243523,0.1,0.166667,0.199153,0.986391,0.456647,0.242424,0.569064,0.984716,Eduardo,Portuguesa,Portuguesa,"LCMF, LDMF",LCMF,8,23,0,2024-12-31,9,573,Brazil,Brazil,right,183,81,yes,SP,Testing,2024,Segundo Volante Box to Box,0.985,2,40,95,0.481346,0.395202,0.435169,0.437423,0.252932,0.343912,0.13875,0.20625,0.242479,0.433071,0.271243,0.243561,0.324867,31.0,3,3,35.0,15,23.0,21.5,15.5,21.5,2,5.0,15.0,7,22,92,92,12,62,42,46,61,46,95,87,62,82
0,0.762973,0.437059,0.673569,0.674847,0.075799,0.305699,0.1,0.125,0.313559,0.781219,0.595376,0.227273,0.47791,0.94302,A. Moreno,Palmeiras,Palmeiras,"RCMF, LCMF, DMF",RCMF,8,24,8000000,2025-12-31,15,1223,Argentina,Argentina,right,177,73,no,SP,Testing,2024,Segundo Volante Box to Box,0.943,3,40,92,0.481346,0.395202,0.435169,0.437423,0.252932,0.343912,0.13875,0.20625,0.242479,0.433071,0.271243,0.243561,0.324867,9.0,16,8,7.0,35,19.0,21.5,19.5,11.0,4,3.0,18.0,10,77,60,80,82,12,52,46,51,72,90,92,55,75
12,0.357644,0.581616,0.949835,0.570552,0.077928,0.145078,0.175,0.666667,0.275424,0.814024,0.323699,0.287879,0.432811,0.928495,Gabriel,Mirassol,Mirassol,"LCMF, DMF, LDMF",LCMF,8,34,350000,,12,969,Brazil,Brazil,right,178,67,no,SP,Testing,2024,Segundo Volante Box to Box,0.928,4,40,90,0.481346,0.395202,0.435169,0.437423,0.252932,0.343912,0.13875,0.20625,0.242479,0.433071,0.271243,0.243561,0.324867,26.0,10,2,11.0,34,32.5,11.0,2.0,15.0,3,15.0,13.0,12,35,75,95,72,15,18,72,95,62,92,62,67,70
3,0.040673,0.704843,0.849021,0.773006,0.459773,0.487047,0.175,0.583333,1.0,0.661446,1.0,0.242424,1.0,0.84276,R. Garro,Corinthians,Corinthians,"RCMF, AMF",RCMF,8,26,4500000,2025-12-31,6,573,Argentina,"Argentina, Italy",left,174,70,no,SP,Testing,2024,Segundo Volante Box to Box,0.843,5,40,87,0.481346,0.395202,0.435169,0.437423,0.252932,0.343912,0.13875,0.20625,0.242479,0.433071,0.271243,0.243561,0.324867,39.0,7,4,5.0,5,10.0,11.0,4.5,1.0,7,1.0,15.0,1,2,82,90,87,87,75,72,88,97,82,97,62,97
14,0.764376,0.724071,0.686236,0.0,0.066009,0.233161,0.0,0.0,0.097458,0.582348,0.393064,0.0,0.469499,0.770347,Camacho,Guarani,Guarani,"LCMF, LDMF, DMF",LCMF,8,34,300000,,11,793,Brazil,Brazil,right,181,73,no,SP,Testing,2024,Segundo Volante Box to Box,0.77,6,40,85,0.481346,0.395202,0.435169,0.437423,0.252932,0.343912,0.13875,0.20625,0.242479,0.433071,0.271243,0.243561,0.324867,8.0,6,7,39.0,37,24.0,38.5,38.0,31.0,11,10.0,35.0,11,80,85,82,2,7,40,3,5,22,72,75,12,72
1,0.131837,0.414887,0.693004,0.895706,0.1201,0.404145,1.0,0.208333,0.411017,0.697864,0.33526,0.439394,0.590611,0.754853,Maycon,Corinthians,Corinthians,"LCMF, LDMF",LCMF,8,26,6000000,2025-12-31,10,924,Brazil,Brazil,left,178,72,yes,SP,Testing,2024,Segundo Volante Box to Box,0.755,7,40,82,0.481346,0.395202,0.435169,0.437423,0.252932,0.343912,0.13875,0.20625,0.242479,0.433071,0.271243,0.243561,0.324867,38.0,17,6,3.0,31,16.0,1.0,12.0,5.5,6,13.0,7.5,6,5,57,85,92,22,60,97,70,86,85,67,81,85
13,0.301543,0.990865,0.702121,0.355828,0.259377,0.450777,0.025,0.0,0.042373,0.639625,0.445087,0.0,0.38736,0.751712,Matheus Bueno,Guarani,Guarani,"RCMF, LCMF, AMF",RCMF,8,25,350000,,12,932,Brazil,Brazil,right,178,79,no,SP,Testing,2024,Segundo Volante Box to Box,0.752,8,40,80,0.481346,0.395202,0.435169,0.437423,0.252932,0.343912,0.13875,0.20625,0.242479,0.433071,0.271243,0.243561,0.324867,33.0,2,5,27.0,13,12.0,35.5,38.0,39.0,8,6.0,35.0,14,17,95,87,32,67,70,11,5,2,80,85,12,65
34,0.904628,0.89435,0.573831,0.343558,0.349116,0.145078,0.1,0.583333,0.29661,0.460922,0.404624,0.636364,0.591628,0.748635,Rodrigo Souza,São Bernardo FC,São Bernardo FC,"RCMF, LCMF",RCMF,8,36,0,2024-11-30,10,736,Brazil,Brazil,right,186,91,no,SP,Testing,2024,Segundo Volante Box to Box,0.749,9,40,77,0.481346,0.395202,0.435169,0.437423,0.252932,0.343912,0.13875,0.20625,0.242479,0.433071,0.271243,0.243561,0.324867,2.0,4,11,28.0,9,32.5,21.5,4.5,13.0,17,8.5,4.0,5,95,90,72,30,77,18,46,88,67,57,78,90,87
5,0.443198,0.642401,0.662478,0.196319,0.140377,0.222798,0.025,0.083333,0.228814,0.711391,0.184971,0.166667,0.146419,0.664966,Jadsom Silva,Red Bull Bragantino,Red Bull Bragantino,"RCMF, DMF",RCMF,8,22,3000000,2025-12-31,11,831,Brazil,Brazil,right,173,67,no,SP,Testing,2024,Segundo Volante Box to Box,0.665,10,40,75,0.481346,0.395202,0.435169,0.437423,0.252932,0.343912,0.13875,0.20625,0.242479,0.433071,0.271243,0.243561,0.324867,17.0,8,9,34.0,29,26.0,35.5,24.5,19.0,5,25.5,24.5,30,57,80,77,15,27,35,11,38,52,87,36,38,25
16,0.399719,0.144865,0.558268,0.515337,0.431847,0.694301,0.05,1.0,0.495763,0.590273,0.531792,0.636364,0.896817,0.654272,Danielzinho,Mirassol,Mirassol,"RCMF, RDMF",RCMF,8,29,300000,2024-11-30,12,1077,Brazil,Brazil,right,167,65,no,SP,Testing,2024,Segundo Volante Box to Box,0.654,11,40,72,0.481346,0.395202,0.435169,0.437423,0.252932,0.343912,0.13875,0.20625,0.242479,0.433071,0.271243,0.243561,0.324867,21.0,34,12,16.5,7,4.0,31.5,1.0,3.0,10,4.0,4.0,2,47,15,70,58,82,90,21,97,92,75,90,90,95
15,0.586255,1.0,0.644485,0.067485,0.214379,0.274611,0.0,0.541667,0.271186,0.454014,0.242775,0.636364,0.362231,0.648237,Ramon,Ponte Preta,Ponte Preta,"LCMF, DMF",LCMF,8,26,300000,,13,848,Brazil,Brazil,left,174,69,no,SP,Testing,2024,Segundo Volante Box to Box,0.648,12,40,70,0.481346,0.395202,0.435169,0.437423,0.252932,0.343912,0.13875,0.20625,0.242479,0.433071,0.271243,0.243561,0.324867,14.0,1,10,37.0,17,21.0,38.5,6.5,16.5,20,21.0,4.0,16,65,97,75,7,57,47,3,83,58,50,47,90,60
36,0.203366,0.539099,0.539737,0.361963,0.156445,0.533679,0.1,0.166667,0.309322,0.575356,0.421965,0.439394,0.630004,0.575288,Gustavinho,Red Bull Bragantino,Red Bull Bragantino,"RCMF, LDMF",RCMF,8,19,0,,10,613,Brazil,Brazil,right,175,68,no,SP,Testing,2024,Segundo Volante Box to Box,0.575,13,40,67,0.481346,0.395202,0.435169,0.437423,0.252932,0.343912,0.13875,0.20625,0.242479,0.433071,0.271243,0.243561,0.324867,37.0,14,13,25.5,27,9.0,21.5,15.5,12.0,12,7.0,7.5,4,7,65,67,36,32,77,46,61,70,70,82,81,90
8,0.831697,0.570324,0.373865,0.515337,0.161374,0.186528,0.125,0.0,0.0,0.403695,0.138728,0.0,0.005175,0.538792,Anderson Leite,Guarani,Guarani,"RCMF, RDMF, RW",RCMF,8,30,500000,,11,748,Brazil,Brazil,right,183,79,no,SP,Testing,2024,Segundo Volante Box to Box,0.539,14,40,65,0.481346,0.395202,0.435169,0.437423,0.252932,0.343912,0.13875,0.20625,0.242479,0.433071,0.271243,0.243561,0.324867,6.0,12,22,16.5,25,28.5,17.5,38.0,40.0,23,29.0,35.0,39,85,70,45,58,37,28,56,5,0,42,27,12,2
20,0.392707,0.042964,0.525381,0.392638,1.0,1.0,0.075,0.083333,0.271186,0.486537,0.184971,0.0,0.252312,0.518748,Yann Rolim,Ituano,Ituano,"LCMF, RDMF, RCMF",LCMF,8,28,250000,,8,645,Brazil,Brazil,right,173,68,no,SP,Testing,2024,Segundo Volante Box to Box,0.519,15,40,62,0.481346,0.395202,0.435169,0.437423,0.252932,0.343912,0.13875,0.20625,0.242479,0.433071,0.271243,0.243561,0.324867,22.0,37,14,23.0,1,1.0,26.5,24.5,16.5,14,25.5,35.0,22,45,7,65,42,97,97,33,38,58,65,36,12,45
6,0.87237,0.240826,0.316262,0.969325,0.85418,0.937824,0.175,0.041667,0.144068,0.482426,0.196532,0.166667,0.544172,0.517668,R. Ríos,Palmeiras,Palmeiras,"RCMF, RDMF",RCMF,8,23,1000000,2026-12-31,13,795,Colombia,Colombia,right,185,78,no,SP,Testing,2024,Segundo Volante Box to Box,0.518,16,40,60,0.481346,0.395202,0.435169,0.437423,0.252932,0.343912,0.13875,0.20625,0.242479,0.433071,0.271243,0.243561,0.324867,4.0,24,26,2.0,2,2.0,11.0,31.5,26.5,15,23.5,24.5,8,90,40,35,95,95,95,72,21,33,62,41,38,80
24,0.610098,0.276827,0.448453,0.521472,0.209029,0.124352,0.275,0.125,0.466102,0.433524,0.213873,0.0,0.342406,0.515982,Lucas Lima,São Bernardo FC,São Bernardo FC,"LCMF, RCMF",LCMF,8,23,200000,2026-04-10,11,875,Brazil,Brazil,right,180,77,no,SP,Testing,2024,Segundo Volante Box to Box,0.516,17,40,57,0.481346,0.395202,0.435169,0.437423,0.252932,0.343912,0.13875,0.20625,0.242479,0.433071,0.271243,0.243561,0.324867,13.0,23,17,15.0,18,34.0,4.0,19.5,4.0,22,22.0,35.0,17,67,42,57,62,55,15,90,51,90,45,45,12,57
21,0.643759,0.221445,0.343414,0.361963,0.419993,0.430052,0.05,0.083333,0.199153,0.291876,0.34104,0.363636,0.410763,0.459326,Geovane,Santo André,Santo André,"LCMF, LDMF",LCMF,8,25,250000,2024-12-31,10,759,Brazil,Brazil,left,170,75,no,SP,Testing,2024,Segundo Volante Box to Box,0.459,18,40,55,0.481346,0.395202,0.435169,0.437423,0.252932,0.343912,0.13875,0.20625,0.242479,0.433071,0.271243,0.243561,0.324867,12.0,26,25,25.5,8,13.0,31.5,24.5,21.5,27,12.0,9.0,13,70,35,37,36,80,67,21,38,46,32,70,77,67
22,0.712482,0.180179,0.386715,0.662577,0.298188,0.61658,0.3,0.041667,0.09322,0.24242,0.127168,0.166667,0.070411,0.441356,Igor Henrique,Água Santa,Água Santa,"LCMF, LDMF, CF",LCMF,8,32,200000,2024-04-10,10,834,Brazil,Brazil,right,183,74,no,SP,Testing,2024,Segundo Volante Box to Box,0.441,19,40,52,0.481346,0.395202,0.435169,0.437423,0.252932,0.343912,0.13875,0.20625,0.242479,0.433071,0.271243,0.243561,0.324867,11.0,31,21,8.0,12,6.0,2.5,31.5,32.0,30,30.5,24.5,35,72,22,47,80,70,85,93,21,20,25,23,38,12
35,0.0,0.131578,0.42796,0.644172,0.249337,0.544041,0.225,0.166667,0.355932,0.610997,0.728324,0.318182,0.787934,0.424456,Romisson,São Bernardo FC,São Bernardo FC,"LCMF, RCMF, LWB",LCMF,8,27,0,2024-10-30,11,555,Brazil,Brazil,right,178,64,no,SP,Testing,2024,Segundo Volante Box to Box,0.424,20,40,50,0.481346,0.395202,0.435169,0.437423,0.252932,0.343912,0.13875,0.20625,0.242479,0.433071,0.271243,0.243561,0.324867,40.0,35,19,10.0,14,8.0,5.5,15.5,9.0,9,2.0,12.0,3,0,12,52,75,65,80,86,61,77,77,95,70,92
7,0.412342,0.570705,0.462624,0.429448,0.159374,0.051813,0.1,0.041667,0.127119,0.563283,0.115607,0.151515,0.127374,0.392649,Matheus Barbosa,Botafogo SP,Botafogo SP,"RCMF, DMF",RCMF,8,29,700000,,11,905,Brazil,Brazil,both,184,75,no,SP,Testing,2024,Segundo Volante Box to Box,0.393,21,40,47,0.481346,0.395202,0.435169,0.437423,0.252932,0.343912,0.13875,0.20625,0.242479,0.433071,0.271243,0.243561,0.324867,19.0,11,16,19.0,26,37.0,21.5,31.5,30.0,13,32.0,27.0,32,52,72,60,52,35,7,46,21,25,67,20,32,20
18,0.326788,0.192491,0.470907,0.484663,0.151206,0.409326,0.075,0.25,0.364407,0.471134,0.16763,0.106061,0.366086,0.385415,Marlon,Grêmio Novorizontino,Grêmio Novorizontino,"LCMF, RCMF",LCMF,8,34,300000,,14,1253,Brazil,Brazil,right,175,76,no,SP,Testing,2024,Segundo Volante Box to Box,0.385,22,40,45,0.481346,0.395202,0.435169,0.437423,0.252932,0.343912,0.13875,0.20625,0.242479,0.433071,0.271243,0.243561,0.324867,29.0,29,15,18.0,28,15.0,26.5,10.0,8.0,16,27.5,29.0,15,27,27,62,55,30,62,33,75,80,60,31,27,62
28,0.57784,0.319347,0.343711,0.680982,0.463898,0.326425,0.175,0.125,0.266949,0.121984,0.0,0.0,0.24977,0.38046,Thiaguinho,Água Santa,Água Santa,"LCMF, RDMF, RCMF",LCMF,8,26,150000,2024-04-10,8,569,Brazil,Brazil,right,180,66,no,SP,Testing,2024,Segundo Volante Box to Box,0.38,23,40,42,0.481346,0.395202,0.435169,0.437423,0.252932,0.343912,0.13875,0.20625,0.242479,0.433071,0.271243,0.243561,0.324867,15.0,20,24,6.0,4,18.0,11.0,19.5,18.0,37,38.5,35.0,23,62,50,40,85,90,55,72,51,55,7,3,12,42
39,0.779804,0.280902,0.247272,0.202454,0.060508,0.170984,0.05,0.125,0.139831,0.191356,0.092486,0.242424,0.145914,0.340701,Tauã Belo,Portuguesa,Portuguesa,"LCMF, RCMF",LCMF,8,29,0,2024-04-15,6,550,Brazil,Brazil,right,176,75,no,SP,Testing,2024,Segundo Volante Box to Box,0.341,24,40,40,0.481346,0.395202,0.435169,0.437423,0.252932,0.343912,0.13875,0.20625,0.242479,0.433071,0.271243,0.243561,0.324867,7.0,22,31,33.0,38,31.0,31.5,19.5,28.0,34,34.5,15.0,31,82,45,22,17,5,22,21,51,30,15,13,62,22
27,0.426367,0.0,0.437532,0.417178,0.438595,0.0,0.1,0.041667,0.190678,0.442466,0.260116,0.348485,0.078377,0.329708,Wesley Dias,São Bernardo FC,São Bernardo FC,LCMF,LCMF,8,28,150000,,10,515,Brazil,Brazil,right,181,81,no,SP,Testing,2024,Segundo Volante Box to Box,0.33,25,40,37,0.481346,0.395202,0.435169,0.437423,0.252932,0.343912,0.13875,0.20625,0.242479,0.433071,0.271243,0.243561,0.324867,18.0,40,18,20.0,6,39.0,21.5,31.5,23.0,21,18.5,10.0,34,55,0,55,50,85,2,46,21,42,47,53,75,15
2,0.387097,0.46374,0.239963,0.809816,0.183359,0.782383,0.2,0.458333,0.279661,0.196258,0.32948,1.0,0.248912,0.316125,Zé Rafael,Palmeiras,Palmeiras,"LCMF, AMF",LCMF,8,30,5000000,2026-12-31,12,952,Brazil,"Brazil, Italy",right,175,71,no,SP,Testing,2024,Segundo Volante Box to Box,0.316,26,40,35,0.481346,0.395202,0.435169,0.437423,0.252932,0.343912,0.13875,0.20625,0.242479,0.433071,0.271243,0.243561,0.324867,23.0,15,33,4.0,23,3.0,7.5,8.0,14.0,33,14.0,1.0,24,42,62,17,90,42,92,81,80,65,17,65,97,40
31,0.890603,0.176505,0.139675,0.411043,0.18886,0.176166,0.15,0.0,0.072034,0.233677,0.289017,0.0,0.153467,0.312986,Felipinho,Ponte Preta,Ponte Preta,"LCMF, RCMF, LDMF",LCMF,8,22,0,,6,535,Brazil,Brazil,left,183,77,no,SP,Testing,2024,Segundo Volante Box to Box,0.313,27,40,32,0.481346,0.395202,0.435169,0.437423,0.252932,0.343912,0.13875,0.20625,0.242479,0.433071,0.271243,0.243561,0.324867,3.0,32,37,21.0,22,30.0,15.0,38.0,33.0,31,17.0,35.0,29,92,20,7,47,45,25,62,5,17,22,57,12,27
26,0.319776,0.566118,0.396599,0.245399,0.088746,0.414508,0.0,0.166667,0.169492,0.45626,0.0,0.19697,0.014296,0.302578,Willian Farias,Grêmio Novorizontino,Grêmio Novorizontino,"RCMF, LCMF",RCMF,8,34,200000,2024-12-31,11,672,Brazil,"Brazil, Italy",right,178,82,no,SP,Testing,2024,Segundo Volante Box to Box,0.303,28,40,30,0.481346,0.395202,0.435169,0.437423,0.252932,0.343912,0.13875,0.20625,0.242479,0.433071,0.271243,0.243561,0.324867,30.0,13,20,30.0,33,14.0,38.5,15.5,24.5,18,38.5,20.0,38,25,67,50,25,17,65,3,61,38,55,3,50,5
29,0.462833,0.235918,0.351012,0.208589,0.22796,0.290155,0.05,0.041667,0.04661,0.45407,0.127168,0.166667,0.0,0.294211,Wellington Reis,Santo André,Santo André,"RCMF, RDMF, DMF",RCMF,8,32,50000,,10,804,Brazil,Brazil,right,179,78,no,SP,Testing,2024,Segundo Volante Box to Box,0.294,29,40,27,0.481346,0.395202,0.435169,0.437423,0.252932,0.343912,0.13875,0.20625,0.242479,0.433071,0.271243,0.243561,0.324867,16.0,25,23,32.0,16,20.0,31.5,31.5,38.0,19,30.5,24.5,40,60,37,42,20,60,50,21,21,5,52,23,38,0
10,0.335203,0.333898,0.252381,0.398773,0.298875,0.222798,0.3,0.541667,0.550847,0.33606,0.248555,0.333333,0.293009,0.283664,L. Maciel,Botafogo SP,Botafogo SP,"LCMF, RCMF",LCMF,8,28,500000,,10,833,Argentina,Argentina,right,180,72,no,SP,Testing,2024,Segundo Volante Box to Box,0.284,30,40,25,0.481346,0.395202,0.435169,0.437423,0.252932,0.343912,0.13875,0.20625,0.242479,0.433071,0.271243,0.243561,0.324867,28.0,18,30,22.0,11,26.0,2.5,6.5,2.0,25,20.0,11.0,18,30,55,25,45,72,35,93,83,95,37,50,72,55
11,0.715288,0.219015,0.18749,0.0,0.207185,0.222798,0.05,0.083333,0.059322,0.038751,0.16763,0.0,0.221446,0.260926,Léo Naldi,Ponte Preta,Ponte Preta,RCMF,RCMF,8,22,400000,2025-07-10,11,624,Brazil,Brazil,right,176,70,no,SP,Testing,2024,Segundo Volante Box to Box,0.261,31,40,22,0.481346,0.395202,0.435169,0.437423,0.252932,0.343912,0.13875,0.20625,0.242479,0.433071,0.271243,0.243561,0.324867,10.0,27,34,39.0,20,26.0,31.5,24.5,36.0,39,27.5,35.0,26,75,32,15,2,50,35,21,38,10,2,31,12,35
25,0.845722,0.296579,0.154819,0.092025,0.108549,0.0,0.15,0.0,0.063559,0.105645,0.0,0.227273,0.027466,0.253606,Emerson Santos,Ponte Preta,Ponte Preta,"RCMF, RDMF",RCMF,8,32,200000,,11,594,Brazil,Brazil,right,180,77,no,SP,Testing,2024,Segundo Volante Box to Box,0.254,32,40,20,0.481346,0.395202,0.435169,0.437423,0.252932,0.343912,0.13875,0.20625,0.242479,0.433071,0.271243,0.243561,0.324867,5.0,21,36,36.0,32,39.0,15.0,38.0,34.5,38,38.5,18.0,37,87,47,10,10,20,2,62,5,13,5,3,55,7
4,0.353436,0.027373,0.245666,0.539877,0.033738,0.393782,0.05,0.208333,0.372881,0.32794,0.364162,0.0,0.528423,0.240957,Lucas Evangelista,Red Bull Bragantino,Red Bull Bragantino,LCMF,LCMF,8,28,3500000,2026-06-30,9,713,Brazil,Brazil,right,181,79,no,SP,Testing,2024,Segundo Volante Box to Box,0.241,33,40,17,0.481346,0.395202,0.435169,0.437423,0.252932,0.343912,0.13875,0.20625,0.242479,0.433071,0.271243,0.243561,0.324867,27.0,38,32,14.0,39,17.0,31.5,12.0,7.0,26,11.0,35.0,9,32,5,20,65,2,57,21,70,82,35,72,12,77
19,0.40533,0.320967,0.271892,0.374233,0.075544,0.062176,0.075,0.375,0.411017,0.286298,0.069364,0.181818,0.172522,0.233891,Geovane,Grêmio Novorizontino,Grêmio Novorizontino,"LCMF, RCMF",LCMF,8,35,300000,2024-12-15,9,739,Brazil,Brazil,right,179,80,no,SP,Testing,2024,Segundo Volante Box to Box,0.234,34,40,15,0.481346,0.395202,0.435169,0.437423,0.252932,0.343912,0.13875,0.20625,0.242479,0.433071,0.271243,0.243561,0.324867,20.0,19,27,24.0,36,36.0,26.5,9.0,5.5,28,36.0,21.5,28,50,52,32,40,10,10,33,77,86,30,10,46,30
23,0.206171,0.195178,0.253503,0.650307,0.328129,0.683938,0.2,0.625,0.224576,0.164845,0.104046,0.666667,0.286678,0.182239,Dudu Vieira,Santo André,Santo André,"RCMF, RW, AMF",RCMF,8,30,200000,2024-05-21,11,1023,Brazil,Brazil,right,175,75,no,SP,Testing,2024,Segundo Volante Box to Box,0.182,35,40,12,0.481346,0.395202,0.435169,0.437423,0.252932,0.343912,0.13875,0.20625,0.242479,0.433071,0.271243,0.243561,0.324867,36.0,28,29,9.0,10,5.0,7.5,3.0,20.0,36,33.0,2.0,19,10,30,27,77,75,87,81,92,50,10,17,95,52
9,0.220196,0.1549,0.25503,1.0,0.129936,0.0,0.225,0.208333,0.326271,0.257049,0.196532,0.136364,0.21611,0.125461,Gustavo Bochecha,Inter de Limeira,Inter de Limeira,LCMF,LCMF,8,27,500000,,12,1126,Brazil,Brazil,left,173,73,no,SP,Testing,2024,Segundo Volante Box to Box,0.125,36,40,10,0.481346,0.395202,0.435169,0.437423,0.252932,0.343912,0.13875,0.20625,0.242479,0.433071,0.271243,0.243561,0.324867,35.0,33,28,1.0,30,39.0,5.5,12.0,10.0,29,23.5,28.0,27,12,17,30,97,25,2,86,70,75,27,41,30,32
33,0.27209,0.081232,0.127233,0.558282,0.162964,0.471503,0.175,0.041667,0.063559,0.367387,0.260116,0.227273,0.234709,0.096267,Marciel,Santo André,Santo André,"LCMF, LDMF, DMF",LCMF,8,29,0,,9,594,Brazil,Brazil,left,186,78,no,SP,Testing,2024,Segundo Volante Box to Box,0.096,37,40,7,0.481346,0.395202,0.435169,0.437423,0.252932,0.343912,0.13875,0.20625,0.242479,0.433071,0.271243,0.243561,0.324867,34.0,36,38,12.5,24,11.0,11.0,31.5,34.5,24,18.5,18.0,25,15,10,5,68,40,72,72,21,13,40,53,55,37
17,0.378682,0.186758,0.159025,0.220859,0.207562,0.186528,0.125,0.083333,0.050847,0.218669,0.0,0.181818,0.087548,0.066922,Ricardinho,Portuguesa,Portuguesa,"RCMF, DMF",RCMF,8,34,300000,,13,746,Brazil,Brazil,right,175,73,no,SP,Testing,2024,Segundo Volante Box to Box,0.067,38,40,5,0.481346,0.395202,0.435169,0.437423,0.252932,0.343912,0.13875,0.20625,0.242479,0.433071,0.271243,0.243561,0.324867,24.0,30,35,31.0,19,28.5,17.5,24.5,37.0,32,38.5,21.5,33,40,25,12,22,52,28,56,38,7,20,3,46,17
37,0.368864,0.009301,0.0,0.558282,0.200887,0.57513,0.075,0.083333,0.169492,0.0,0.404624,0.606061,0.269511,0.057506,Lucas Buchecha,Inter de Limeira,Inter de Limeira,RCMF,RCMF,8,23,0,,12,979,Brazil,Brazil,,0,0,no,SP,Testing,2024,Segundo Volante Box to Box,0.058,39,40,2,0.481346,0.395202,0.435169,0.437423,0.252932,0.343912,0.13875,0.20625,0.242479,0.433071,0.271243,0.243561,0.324867,25.0,39,40,12.5,21,7.0,26.5,24.5,24.5,40,8.5,6.0,21,37,2,0,68,47,82,33,38,38,0,78,85,47
32,0.304348,0.614157,0.122085,0.294479,0.0,0.248705,0.15,0.041667,0.135593,0.183365,0.092486,0.0,0.032616,0.0,Kady,Água Santa,Água Santa,"RCMF, LCMF",RCMF,8,28,0,,10,560,Brazil,Brazil,right,182,0,no,SP,Testing,2024,Segundo Volante Box to Box,0.0,40,40,0,0.481346,0.395202,0.435169,0.437423,0.252932,0.343912,0.13875,0.20625,0.242479,0.433071,0.271243,0.243561,0.324867,32.0,9,39,29.0,40,22.0,15.0,31.5,29.0,35,34.5,35.0,36,20,77,2,27,0,45,62,21,27,12,13,12,10
